-- MySQL dump 10.13  Distrib 5.7.22, for Linux (x86_64)
--
-- Host: localhost    Database: ba
-- ------------------------------------------------------
-- Server version	5.7.22-0ubuntu0.17.10.1

/*!40101 SET @OLD_CHARACTER_SET_CLIENT=@@CHARACTER_SET_CLIENT */;
/*!40101 SET @OLD_CHARACTER_SET_RESULTS=@@CHARACTER_SET_RESULTS */;
/*!40101 SET @OLD_COLLATION_CONNECTION=@@COLLATION_CONNECTION */;
/*!40101 SET NAMES utf8 */;
/*!40103 SET @OLD_TIME_ZONE=@@TIME_ZONE */;
/*!40103 SET TIME_ZONE='+00:00' */;
/*!40014 SET @OLD_UNIQUE_CHECKS=@@UNIQUE_CHECKS, UNIQUE_CHECKS=0 */;
/*!40014 SET @OLD_FOREIGN_KEY_CHECKS=@@FOREIGN_KEY_CHECKS, FOREIGN_KEY_CHECKS=0 */;
/*!40101 SET @OLD_SQL_MODE=@@SQL_MODE, SQL_MODE='NO_AUTO_VALUE_ON_ZERO' */;
/*!40111 SET @OLD_SQL_NOTES=@@SQL_NOTES, SQL_NOTES=0 */;

--
-- Table structure for table `book`
--

DROP TABLE IF EXISTS `book`;
/*!40101 SET @saved_cs_client     = @@character_set_client */;
/*!40101 SET character_set_client = utf8 */;
CREATE TABLE `book` (
  `id` int(11) NOT NULL AUTO_INCREMENT,
  `name` varchar(100) NOT NULL,
  `image` varchar(200) DEFAULT '',
  `type_id` int(11) NOT NULL DEFAULT '1',
  `type_name` varchar(50) NOT NULL,
  `hot` tinyint(1) DEFAULT '0',
  `borrow_time` int(11) DEFAULT '0',
  `comment_time` int(11) DEFAULT '0',
  `love_time` int(11) DEFAULT '0',
  `hate_time` int(11) DEFAULT '0',
  `author` varchar(100) DEFAULT NULL,
  `intro` varchar(10000) DEFAULT NULL,
  `use_quantity` int(11) DEFAULT '1',
  `inventory_quantity` int(11) DEFAULT '0',
  `current_quantity` int(11) DEFAULT '0',
  `note` varchar(10000) DEFAULT NULL,
  `created_at` timestamp NULL DEFAULT NULL,
  `updated_at` timestamp NULL DEFAULT NULL,
  PRIMARY KEY (`id`),
  KEY `book_ibfk_1` (`type_id`),
  CONSTRAINT `book_ibfk_1` FOREIGN KEY (`type_id`) REFERENCES `book_type` (`id`) ON DELETE NO ACTION ON UPDATE NO ACTION
) ENGINE=InnoDB AUTO_INCREMENT=799 DEFAULT CHARSET=utf8;
/*!40101 SET character_set_client = @saved_cs_client */;

--
-- Dumping data for table `book`
--

LOCK TABLES `book` WRITE;
/*!40000 ALTER TABLE `book` DISABLE KEYS */;
INSERT INTO `book` VALUES (1,'Kỳ án ánh trăng','uploads/book/book_3_1524149395414.jpg',1,'Kinh dị',1,0,0,0,0,'Quỷ cổ nữ','Một cuốn sách kinh điển thể loại này',1,0,1,'','2018-04-19 14:50:28','2018-04-22 00:46:11'),(2,'11 phút','',2,'Văn học nước ngoài',0,0,0,0,0,'Paulo Coelho','',1,0,1,'',NULL,'2018-08-17 05:09:21'),(3,'14 truyện ngắn hiện đại Trung Quốc','',2,'Văn học nước ngoài',0,0,0,0,0,'Nhiều tác giả','',1,0,1,'',NULL,'2018-08-18 08:25:18'),(4,'Ác mộng xanh','',2,'Văn học nước ngoài',0,0,0,0,0,'Laurie Faria Stolarz','',1,0,1,'',NULL,'2018-08-20 13:44:06'),(5,'Aivanhô','',2,'Văn học nước ngoài',0,0,0,0,0,'Walter Scott','',1,0,1,'',NULL,'2018-08-18 09:30:25'),(6,'Alechxanđrơ Puskin','',2,'Văn học nước ngoài',0,0,0,0,0,NULL,NULL,1,0,1,NULL,NULL,NULL),(7,'Anna Karênina','',2,'Văn học nước ngoài',0,0,0,0,0,'Lep Tonxtoi','',3,0,3,'',NULL,'2018-08-18 09:31:29'),(8,'Angiêlic và tình yêu','',2,'Văn học nước ngoài',0,0,0,0,0,NULL,NULL,1,0,1,NULL,NULL,NULL),(9,'Anh chồng của vợ tôi','',2,'Văn học nước ngoài',0,0,0,0,0,NULL,NULL,1,0,1,NULL,NULL,NULL),(10,'Anh em nhà Himmler','',2,'Văn học nước ngoài',0,0,0,0,0,'Katrin Himmler','',1,0,1,'',NULL,'2018-08-19 14:01:13'),(11,'AQ chính truyện','',2,'Văn học nước ngoài',0,0,0,0,0,'Lỗ Tấn','',1,0,1,'',NULL,'2018-08-17 08:49:40'),(12,'Ba người lính ngự lâm','',2,'Văn học nước ngoài',0,0,0,0,0,'Alexandre Dumas','',1,0,1,'',NULL,'2018-08-19 07:35:17'),(13,'Bá tước Môngtơ Crixtô','',2,'Văn học nước ngoài',0,0,0,0,0,'Alexandre Dumas','',1,0,1,'',NULL,'2018-08-18 09:30:43'),(14,'Bến bờ của những giấc mơ','',2,'Văn học nước ngoài',0,0,0,0,0,'Andrey Howard','',1,0,1,'',NULL,'2018-08-19 07:46:00'),(15,'Bên phía nhà Swann','',2,'Văn học nước ngoài',0,0,0,0,0,NULL,NULL,1,0,1,NULL,NULL,NULL),(16,'Bí mật của Nicholas Flamel - Ảo thuật gia','',2,'Văn học nước ngoài',0,0,0,0,0,NULL,NULL,1,0,1,NULL,NULL,NULL),(17,'Bí mật của Nicholas Flamel - Nữ phù thủy','',2,'Văn học nước ngoài',0,0,0,0,0,NULL,NULL,1,0,1,NULL,NULL,NULL),(18,'Biên niên ký chim vặn dây cót','',2,'Văn học nước ngoài',0,0,0,0,0,'Haruki Murakami','',1,0,1,'',NULL,'2018-08-19 07:30:16'),(19,'Bóng em xa hơn chân trời','',2,'Văn học nước ngoài',0,0,0,0,0,'Michelle Celmer','',1,0,1,'',NULL,'2018-08-17 08:58:36'),(20,'Bông hồng vàng và bình minh mưa','',2,'Văn học nước ngoài',0,0,0,0,0,NULL,NULL,2,0,2,NULL,NULL,NULL),(21,'Bùa mê','',2,'Văn học nước ngoài',0,0,0,0,0,NULL,NULL,1,0,1,NULL,NULL,NULL),(22,'Bức họa Maja khỏa thân','',2,'Văn học nước ngoài',0,0,0,0,0,'Samuel Edwards','',1,0,1,'',NULL,'2018-08-17 08:54:14'),(23,'Cảnh thế thông ngôn','',2,'Văn học nước ngoài',0,0,0,0,0,'Phùng Mộng Long','',1,0,1,'',NULL,'2018-08-19 07:36:01'),(24,'Caramen','',2,'Văn học nước ngoài',0,0,0,0,0,NULL,NULL,1,0,1,NULL,NULL,NULL),(25,'Câu chuyện lớn, bài học lớn','',2,'Văn học nước ngoài',0,0,0,0,0,NULL,NULL,1,0,1,NULL,NULL,NULL),(26,'Câu chuyện vô hình và đảo','',2,'Văn học nước ngoài',0,0,0,0,0,NULL,NULL,1,0,1,NULL,NULL,NULL),(27,'Cây dục vọng','',2,'Văn học nước ngoài',0,0,0,0,0,'Margot Berwin','',1,0,1,'',NULL,'2018-08-20 13:43:50'),(28,'Có hẹn với Pari','',2,'Văn học nước ngoài',0,0,0,0,0,NULL,NULL,1,0,1,NULL,NULL,NULL),(29,'Cọ hoang','',2,'Văn học nước ngoài',0,0,0,0,0,'William Faulkner','',1,0,1,'',NULL,'2018-08-17 08:55:02'),(30,'Có lẽ là yêu tập 2','',2,'Văn học nước ngoài',0,0,0,0,0,NULL,NULL,1,0,1,NULL,NULL,NULL),(31,'Có một tình yêu không thể nào quên','',2,'Văn học nước ngoài',0,0,0,0,0,'Đường Tiểu Lam','',1,0,1,'',NULL,'2018-08-18 08:47:30'),(32,'Con đường đói khổ','',2,'Văn học nước ngoài',0,0,0,0,0,'Ben Okri','',1,0,1,'',NULL,'2018-08-20 01:08:15'),(33,'Con hủi','',2,'Văn học nước ngoài',0,0,0,0,0,'Helena Mniszek','',2,0,2,'',NULL,'2018-08-18 08:50:02'),(34,'Con lừa và tôi','',2,'Văn học nước ngoài',0,0,0,0,0,'Juan Ramón Jiménez','',1,0,1,'',NULL,'2018-08-20 13:43:08'),(35,'Cô chủ nhỏ xinh đẹp của tôi','',2,'Văn học nước ngoài',0,0,0,0,0,'Lôi Vũ','',1,0,1,'',NULL,'2018-08-17 05:08:27'),(36,'Cô gái chơi dương cầm','',2,'Văn học nước ngoài',0,0,0,0,0,'Elfriede Jelinek','',1,0,1,'',NULL,'2018-08-20 14:21:19'),(37,'Cơn sốt máu','',2,'Văn học nước ngoài',0,0,0,0,0,'Karen Marie Moning','',1,0,1,'',NULL,'2018-08-17 08:59:01'),(38,'Cuộc phiêu lưu kì thú của cô gái năng động','',2,'Văn học nước ngoài',0,0,0,0,0,NULL,NULL,1,0,1,NULL,NULL,NULL),(39,'Cuộc thám hiểm vào lòng đất','',2,'Văn học nước ngoài',0,0,0,0,0,'Jules Verne','',1,0,1,'',NULL,'2018-08-17 09:02:44'),(40,'Cuốn theo chiều gió','',2,'Văn học nước ngoài',0,0,0,0,0,'Margaret Mitchell','',1,0,1,'',NULL,'2018-08-20 01:51:28'),(41,'Châm ngôn tình yêu','',2,'Văn học nước ngoài',0,0,0,0,0,'Nhiều tác giả','',1,0,1,'',NULL,'2018-08-19 07:41:52'),(42,'Chỉ yêu cây kẹp bông nhỏ','',2,'Văn học nước ngoài',0,0,0,0,0,NULL,NULL,1,0,1,NULL,NULL,NULL),(43,'Chia tay tình đầu','',2,'Văn học nước ngoài',0,0,0,0,0,'Lạc Tiểu Mỹ','',1,0,1,'',NULL,'2018-08-19 14:05:08'),(44,'Chim sẻ ban mai 1','',2,'Văn học nước ngoài',0,0,0,0,0,'Girlne Ya','',1,0,1,'',NULL,'2018-08-18 08:51:17'),(45,'Chuông nguyện hồn ai','',2,'Văn học nước ngoài',0,0,0,0,0,'Ernest Miller Hemingway','',1,0,1,'',NULL,'2018-08-20 01:08:45'),(46,'Chuyện con ốc sên muốn biết tại sao nó chậm chạp','uploads/book/book_17_1534487421031.jpg',4,'Kỹ năng',0,0,0,0,0,'Luis Sepúl Veda','',1,0,1,'',NULL,'2018-08-17 06:30:24'),(47,'Chuyện tình của những người nổi tiếng','',2,'Văn học nước ngoài',0,0,0,0,0,NULL,NULL,1,0,1,NULL,NULL,NULL),(48,'Chuyện tình New York','',2,'Văn học nước ngoài',0,0,0,0,0,NULL,NULL,1,0,1,NULL,NULL,NULL),(49,'Dạt vòm','',2,'Văn học nước ngoài',0,0,0,0,0,'Valérie Sigward','',1,0,1,'',NULL,'2018-08-17 09:00:50'),(50,'Di chúc của tình yêu','',2,'Văn học nước ngoài',0,0,0,0,0,'Christine Arnothy','',1,0,1,'',NULL,'2018-08-20 13:44:24'),(51,'Di chúc pháp','',2,'Văn học nước ngoài',0,0,0,0,0,'Andrei Makine','',1,0,1,'',NULL,'2018-08-19 07:49:29'),(52,'Diana và hy vọng cuối cùng','',2,'Văn học nước ngoài',0,0,0,0,0,NULL,NULL,1,0,1,NULL,NULL,NULL),(53,'Du hành cùng Herodotus','',2,'Văn học nước ngoài',0,0,0,0,0,'Ryszard Kapus’cin’ski','',1,0,1,'',NULL,'2018-08-17 05:07:45'),(54,'Dự án Rosie','',2,'Văn học nước ngoài',0,1,0,0,0,'Graeme Simsion','',1,0,1,'',NULL,'2018-08-20 13:32:15'),(55,'Dưới gánh thiên thần rượu','',2,'Văn học nước ngoài',0,0,0,0,0,NULL,NULL,1,0,1,NULL,NULL,NULL),(56,'Đá quý không nói dối','',2,'Văn học nước ngoài',0,0,0,0,0,'Tâm Doanh Cốc','',1,0,1,'',NULL,'2018-08-17 08:57:49'),(57,'Đất vỡ hoang','',2,'Văn học nước ngoài',0,0,0,0,0,'Mikkhain Sôlôkhốp','',1,0,1,'',NULL,'2018-08-19 07:50:40'),(58,'Đấu trường sinh tử','',2,'Văn học nước ngoài',0,0,0,0,0,'Suzanne Collins','',1,0,1,'',NULL,'2018-08-18 09:01:26'),(59,'Đêm Noel','',2,'Văn học nước ngoài',0,0,0,0,0,'Guy De Maupassant','',1,0,1,'',NULL,'2018-08-20 13:48:26'),(60,'Đỏ và đen','',2,'Văn học nước ngoài',0,0,0,0,0,'Xtăngđan','',1,0,1,'',NULL,'2018-08-20 14:20:58'),(61,'Đột nhiên có tiếng gõ cửa','',2,'Văn học nước ngoài',0,0,0,0,0,NULL,NULL,1,0,1,NULL,NULL,NULL),(62,'Đời là như thế','',2,'Văn học nước ngoài',0,0,0,0,0,'Lưu Chấn Vân','',1,0,1,'',NULL,'2018-08-19 14:19:41'),(63,'Đừng hòng thoát','',2,'Văn học nước ngoài',0,0,0,0,0,NULL,NULL,1,0,1,NULL,NULL,NULL),(64,'Đường thi tuyển dịch 1','',2,'Văn học nước ngoài',0,0,0,0,0,'Lê Nguyễn Lưu','',1,0,1,'',NULL,'2018-08-19 07:30:47'),(65,'Em ở đâu','',2,'Văn học nước ngoài',0,0,0,0,0,'Marc Levy','',1,0,1,'',NULL,'2018-08-19 14:08:19'),(66,'Gã con lại và người mẫu','',2,'Văn học nước ngoài',0,0,0,0,0,NULL,NULL,1,0,1,NULL,NULL,NULL),(67,'Gatsby vĩ đại','',2,'Văn học nước ngoài',0,0,0,0,0,'F. Scott Fitzgerald','',1,0,1,'',NULL,'2018-08-20 01:48:36'),(68,'Gặp ai giữa ngã rẽ tình yêu','',2,'Văn học nước ngoài',0,0,0,0,0,'Diệp Tử','',1,0,1,'',NULL,'2018-08-19 07:56:18'),(69,'Gặp lại','',2,'Văn học nước ngoài',0,0,0,0,0,'Marc Levy','',1,0,1,'',NULL,'2018-08-19 14:17:34'),(70,'Gulliver du ký','',2,'Văn học nước ngoài',0,0,0,0,0,'Jonathan Swift','',1,0,1,'',NULL,'2018-08-19 07:54:41'),(71,'Giết con chim nhại','uploads/book/book_14_1524971163486.jpg',2,'Văn học nước ngoài',0,0,0,0,0,'','',1,0,1,'',NULL,'2018-04-29 03:06:06'),(72,'Giensôminô ở xứ sở nói dối','',2,'Văn học nước ngoài',0,0,0,0,0,NULL,NULL,1,0,1,NULL,NULL,NULL),(73,'Hải âu','',2,'Văn học nước ngoài',0,0,0,0,0,'N. Biriucốp','',1,0,1,'',NULL,'2018-08-19 07:41:25'),(74,'Hai vạn dặm dưới biển','',2,'Văn học nước ngoài',0,0,0,0,0,'Jules Verne','',1,0,1,'',NULL,'2018-08-18 09:06:00'),(75,'Hán sở tranh hùng','',2,'Văn học nước ngoài',0,0,0,0,0,'Mộng Bình Sơn','',1,0,1,'',NULL,'2018-08-18 08:21:33'),(76,'Hiệp khách giang hồ','',2,'Văn học nước ngoài',0,0,0,0,0,'Jeon Kuek-Jin Yang Jae-Hyun','',1,0,1,'',NULL,'2018-08-18 08:28:58'),(77,'Hoàng tử bé','',2,'Văn học nước ngoài',0,1,0,0,0,'Antoine de Saint Exupéry','',4,0,4,'',NULL,'2018-08-17 09:14:47'),(78,'Hội chợ phù thủy 2','',2,'Văn học nước ngoài',0,0,0,0,0,NULL,NULL,1,0,1,NULL,NULL,NULL),(79,'Hồi ức thiền 4 mùa','',2,'Văn học nước ngoài',0,0,0,0,0,NULL,NULL,1,0,1,NULL,NULL,NULL),(80,'Hồn ma giữa đêm khuya','',2,'Văn học nước ngoài',0,0,0,0,0,NULL,NULL,1,0,1,NULL,NULL,NULL),(81,'Hy vọng','',2,'Văn học nước ngoài',0,0,0,0,0,'Katarzyna Michalak','',1,0,1,'',NULL,'2018-08-17 08:13:05'),(82,'I-xa-ắc Lê-vi-tan','',2,'Văn học nước ngoài',0,0,0,0,0,'X. Prô-rô-cô-va','',1,0,1,'',NULL,'2018-08-18 08:26:10'),(83,'Jên Erơ','',2,'Văn học nước ngoài',0,0,0,0,0,'Saclôt Brônti','',1,0,1,'',NULL,'2018-08-17 09:18:43'),(84,'Kafka bên bờ biển','',2,'Văn học nước ngoài',0,0,0,0,0,'Haruki Murakami','',1,0,1,'',NULL,'2018-08-17 08:30:56'),(85,'Kẻ lừa dối','',2,'Văn học nước ngoài',0,0,0,0,0,'Frederick Forsyth','',1,0,1,'',NULL,'2018-08-18 08:24:21'),(86,'Kẻ vô luân','',2,'Văn học nước ngoài',0,0,0,0,0,'André Gide','',1,0,1,'',NULL,'2018-08-17 08:59:19'),(87,'Kiêu hãnh và định kiến','',2,'Văn học nước ngoài',0,2,0,0,0,NULL,NULL,2,0,1,NULL,NULL,'2018-04-26 14:22:24'),(88,'Khách sạn Thượng Hải','',2,'Văn học nước ngoài',0,0,0,0,0,'Vicki Baum','',1,0,1,'',NULL,'2018-08-17 08:49:23'),(89,'Khế ước xã hội','',2,'Văn học nước ngoài',0,0,0,0,0,'Jean-Jacques Rousseau','',1,0,1,'',NULL,'2018-08-20 01:49:36'),(90,'Kho báu của vua Solomon','',2,'Văn học nước ngoài',0,0,0,0,0,'H.Rider Haggard','',1,0,1,'',NULL,'2018-08-18 08:48:02'),(91,'Không gia đình','',2,'Văn học nước ngoài',0,2,0,0,0,'Hector Malot','',1,0,-1,'',NULL,'2018-08-18 09:02:26'),(92,'Khu vườn mùa hạ','',2,'Văn học nước ngoài',0,0,0,0,0,'Kazumi Yumoto','',1,0,1,'',NULL,'2018-08-19 07:43:58'),(93,'Lạc vào tình anh','',2,'Văn học nước ngoài',0,1,0,0,0,'Jasinda Wilder','',1,0,1,'',NULL,'2018-08-18 08:56:53'),(94,'Lại thằng nhóc Emil','',2,'Văn học nước ngoài',0,0,0,0,0,'Astrid Lindgren','',1,0,1,'',NULL,'2018-08-19 14:04:50'),(95,'Lật lại những trang hồ sơ mật tập 1','',2,'Văn học nước ngoài',0,0,0,0,0,NULL,NULL,1,0,1,NULL,NULL,NULL),(96,'Lâu đài','',2,'Văn học nước ngoài',0,0,0,0,0,NULL,NULL,1,0,1,NULL,NULL,NULL),(97,'Leningrad','',2,'Văn học nước ngoài',0,0,0,0,0,NULL,NULL,1,0,1,NULL,NULL,NULL),(98,'Leptônxtôi truyện chọn lọc','',2,'Văn học nước ngoài',0,0,0,0,0,'Nguyễn Hải Hà-Thúy Toàn dịch','',1,0,1,'',NULL,'2018-08-17 09:15:07'),(99,'Liễu chẳng khóc buồn 1','',2,'Văn học nước ngoài',0,0,0,0,0,'Mikhain Alếchxêép','',2,0,2,'',NULL,'2018-08-18 08:25:31'),(100,'Lolita','',2,'Văn học nước ngoài',0,0,0,0,0,'Vladimir Nabokov','',1,0,1,'',NULL,'2018-08-19 07:34:10'),(101,'Lộc Đỉnh Ký 8','',2,'Văn học nước ngoài',0,0,0,0,0,'Kim Dung','',1,0,1,'',NULL,'2018-08-17 08:47:31'),(102,'Lũ trẻ đường tàu','',2,'Văn học nước ngoài',0,0,0,0,0,NULL,NULL,1,0,1,NULL,NULL,NULL),(103,'Mao Trạch Đông và 30 tướng soái CHND Trung Hoa','',2,'Văn học nước ngoài',0,0,0,0,0,NULL,NULL,1,0,1,NULL,NULL,NULL),(104,'Màu tím','',2,'Văn học nước ngoài',0,0,0,0,0,'Bao’er Jinna','',1,0,1,'',NULL,'2018-08-17 08:45:51'),(105,'Mặt trái cuộc đời','',2,'Văn học nước ngoài',0,0,0,0,0,NULL,NULL,1,0,1,NULL,NULL,NULL),(106,'Mật mã phù thủy','',2,'Văn học nước ngoài',0,0,0,0,0,'','',0,0,0,'',NULL,'2018-08-18 08:26:56'),(107,'Mật mã phù thủy','',2,'Văn học nước ngoài',0,0,0,0,0,'Deborah Harkness','',1,0,1,'',NULL,'2018-08-18 08:26:41'),(108,'Mây, hồ, tháp','',2,'Văn học nước ngoài',0,0,0,0,0,NULL,NULL,1,0,1,NULL,NULL,NULL),(109,'Món quà của những người khôn ngoan','',2,'Văn học nước ngoài',0,0,0,0,0,'O.henry','',1,0,1,'',NULL,'2018-08-18 08:54:07'),(110,'Mối lương duyên trời đánh','',2,'Văn học nước ngoài',0,0,0,0,0,'Hoa Thanh Thần','',1,0,1,'',NULL,'2018-08-18 08:13:17'),(111,'Mối tình đầu','',2,'Văn học nước ngoài',0,0,0,0,0,'I.Turgheniev','',1,0,1,'',NULL,'2018-08-18 08:28:31'),(112,'Nét cười nơi ấy, tình không lam hề','',2,'Văn học nước ngoài',0,0,0,0,0,NULL,NULL,1,0,1,NULL,NULL,NULL),(113,'Nếu đời anh vắng em','',2,'Văn học nước ngoài',0,0,0,0,0,'Guillaume Musso','',1,0,1,'',NULL,'2018-08-20 14:11:32'),(114,'Nếu em không phải một giấc mơ','',2,'Văn học nước ngoài',0,0,0,0,0,'Marc Levy','',1,0,1,'',NULL,'2018-08-20 13:32:52'),(115,'Nỗi cô đơn của các số nguyên tố','',2,'Văn học nước ngoài',0,0,0,0,0,'Paolo Giordano','',2,0,2,'',NULL,'2018-08-20 01:50:23'),(116,'Nụ hôn của quỷ 3','',2,'Văn học nước ngoài',0,0,0,0,0,'Tiểu Ni Tử','',1,0,1,'',NULL,'2018-08-18 09:17:12'),(117,'Nửa mặt trời vàng','',2,'Văn học nước ngoài',0,0,0,0,0,'Chimamanda Ngozi Adichie','',1,0,1,'',NULL,'2018-08-19 07:34:54'),(118,'Nghe nói nhân duyên do trời định','',2,'Văn học nước ngoài',0,0,0,0,0,'Sói xám mọc cánh','',1,0,1,'',NULL,'2018-08-18 08:48:41'),(119,'Nghìn lẻ một đêm','',2,'Văn học nước ngoài',0,0,0,0,0,NULL,NULL,3,0,3,NULL,NULL,NULL),(120,'Nguyên tố thứ 5','',2,'Văn học nước ngoài',0,0,0,0,0,'Luc Besson & Robert Mark Kamen','',1,0,1,'',NULL,'2018-08-18 08:29:17'),(121,'Người Dublin','',2,'Văn học nước ngoài',0,0,0,0,0,'James Joyce','',1,0,1,'',NULL,'2018-08-19 14:11:44'),(122,'Người hùng','',2,'Văn học nước ngoài',0,0,0,0,0,'Harald Kidde','',1,0,1,'',NULL,'2018-08-19 14:00:30'),(123,'Người vợ đáng thương','',2,'Văn học nước ngoài',0,0,0,0,0,'A.Moravia','',1,0,1,'',NULL,'2018-08-20 14:11:11'),(124,'Nhân gian đâu chỉ riêng anh','',2,'Văn học nước ngoài',0,1,0,0,0,'Park Ju Young','',1,0,0,'',NULL,'2018-08-17 08:46:39'),(125,'Nhật ký bí mật của tiểu thư Miranda','',2,'Văn học nước ngoài',0,0,0,0,0,'Julia Quinn','',1,0,1,'',NULL,'2018-08-18 08:58:09'),(126,'Những bài học về tình bạn và lòng trung thành','',2,'Văn học nước ngoài',0,0,0,0,0,'Thu Sao - Khôi Nguyên biên soạn','',1,0,1,'',NULL,'2018-08-19 07:44:20'),(127,'Những bí mật của Nostradamus','',2,'Văn học nước ngoài',0,0,0,0,0,NULL,NULL,1,0,1,NULL,NULL,NULL),(128,'Những bức thư tình hay nhất thế giới','',2,'Văn học nước ngoài',0,0,0,0,0,'','',2,0,2,'',NULL,'2018-08-20 01:52:01'),(129,'Những câu chuyện của nhóm Xiha','',2,'Văn học nước ngoài',0,0,0,0,0,NULL,NULL,1,0,1,NULL,NULL,NULL),(130,'Những câu chuyện tình yêu đẹp nhất','',2,'Văn học nước ngoài',0,0,0,0,0,'','',1,0,1,'',NULL,'2018-08-21 15:43:27'),(131,'Những cuộc phiêu lưu của Tom Sawyer','',2,'Văn học nước ngoài',0,0,0,0,0,'Mark Twain','',1,0,1,'',NULL,'2018-08-19 14:05:43'),(132,'Những chuyện phiêu lưu của cáo Renard tập 1','',2,'Văn học nước ngoài',0,0,0,0,0,NULL,NULL,4,0,4,NULL,NULL,NULL),(133,'Những chuyện phiêu lưu của cáo Renard tập 2','',2,'Văn học nước ngoài',0,0,0,0,0,NULL,NULL,2,0,2,NULL,NULL,NULL),(134,'Những khoái cảm giác','',2,'Văn học nước ngoài',0,0,0,0,0,NULL,NULL,1,0,1,NULL,NULL,NULL),(135,'Những tác phẩm lớn trong văn chương thế giới','',2,'Văn học nước ngoài',0,0,0,0,0,'Vũ Dzũng','',1,0,1,'',NULL,'2018-08-19 07:37:12'),(136,'Những truyện cổ Andersen hay nhất','',2,'Văn học nước ngoài',0,0,0,0,0,'Nguyễn Văn Hải-Vũ Minh Toàn-Linh Tâm dịch','',1,0,1,'',NULL,'2018-08-17 09:02:30'),(137,'Những truyện cổ tích dành cho người lớn','',2,'Văn học nước ngoài',0,0,0,0,0,'M. Xantycov-Sedrin','',1,0,1,'',NULL,'2018-08-19 14:18:24'),(138,'Những việc cần làm của cô nàng độc thân','',2,'Văn học nước ngoài',0,0,0,0,0,'Lindsey Kelk','',1,0,1,'',NULL,'2018-08-20 01:45:50'),(139,'Ơgiêni Grăngđê','',2,'Văn học nước ngoài',0,0,0,0,0,'Honoré de Balzac','',1,0,1,'',NULL,'2018-08-18 08:25:49'),(140,'Pháp sư siêu phàm Oz 1','',2,'Văn học nước ngoài',0,0,0,0,0,NULL,NULL,2,0,2,NULL,NULL,NULL),(141,'Pháp sư siêu phàm Oz 2','',2,'Văn học nước ngoài',0,0,0,0,0,NULL,NULL,2,0,2,NULL,NULL,NULL),(142,'Phép thuật trắng','',2,'Văn học nước ngoài',0,0,0,0,0,NULL,NULL,1,0,1,NULL,NULL,NULL),(143,'Quà tặng diệu kỳ','',2,'Văn học nước ngoài',0,0,0,0,0,NULL,NULL,1,0,1,NULL,NULL,NULL),(144,'Rebecca','',2,'Văn học nước ngoài',0,0,0,0,0,'Daphne Du Maurier','',1,0,1,'',NULL,'2018-08-18 08:55:58'),(145,'Rồi sau đó','',2,'Văn học nước ngoài',0,0,0,0,0,'Guillaume Musso','',1,0,1,'',NULL,'2018-08-20 01:53:42'),(146,'Rừng Na-uy','',2,'Văn học nước ngoài',0,1,0,0,0,NULL,NULL,1,0,1,NULL,NULL,'2018-04-26 10:26:56'),(147,'Sa ngã','',2,'Văn học nước ngoài',0,1,0,0,0,'Lauren Kate','',2,0,2,'',NULL,'2018-08-20 01:09:09'),(148,'Sáu người đi khắp thế gian','',2,'Văn học nước ngoài',0,0,0,0,0,'James Michener','',1,0,1,'',NULL,'2018-08-20 13:33:15'),(149,'Sherlock Holmes','',2,'Văn học nước ngoài',0,0,0,0,0,NULL,NULL,1,0,1,NULL,NULL,NULL),(150,'Sông đông êm đềm','',2,'Văn học nước ngoài',0,0,0,0,0,NULL,NULL,4,0,4,NULL,NULL,NULL),(151,'Sư tử tuyết bờm xanh','',2,'Văn học nước ngoài',0,0,0,0,0,'Surya Das ( Nguyễn Tường Bách dịch )','',1,0,1,'',NULL,'2018-08-17 05:07:17'),(152,'Tass được quyền tuyên bố...','',2,'Văn học nước ngoài',0,0,0,0,0,'I. U. Xê mi ô nốp','',1,0,1,'',NULL,'2018-08-19 07:44:59'),(153,'Tay trong tay','',2,'Văn học nước ngoài',0,0,0,0,0,'Hương Lan tuyển dịch','',1,0,1,'',NULL,'2018-08-18 08:44:44'),(154,'Tìm lại tình yêu','',2,'Văn học nước ngoài',0,1,0,0,0,'Debbie Macomber','',2,0,2,'',NULL,'2018-08-18 09:17:56'),(155,'Tìm thấy nhau trong nỗi cô đơn','',2,'Văn học nước ngoài',0,0,0,0,0,'Trương Tiểu Nhàn','',1,0,1,'',NULL,'2018-08-18 09:05:23'),(156,'Tình muộn','',2,'Văn học nước ngoài',0,0,0,0,0,'Dạ Vi Lan','',1,0,1,'',NULL,'2018-08-17 08:54:37'),(157,'Tình nhân gã vệ sĩ','',2,'Văn học nước ngoài',0,0,0,0,0,'James Hadley Chase','',1,0,1,'',NULL,'2018-08-17 05:10:21'),(158,'Tình thương mạnh hơn bão tuyết','',2,'Văn học nước ngoài',0,0,0,0,0,'P.M. St. John','',1,0,1,'',NULL,'2018-08-19 07:29:26'),(159,'Tình ý','',2,'Văn học nước ngoài',0,0,0,0,0,NULL,NULL,1,0,1,NULL,NULL,NULL),(160,'Tình yêu bất diệt','',2,'Văn học nước ngoài',0,0,0,0,0,'(Thắp sáng tâm hồn)','',1,0,1,'',NULL,'2018-08-20 01:46:10'),(161,'Tình yêu truyền kiếp','',2,'Văn học nước ngoài',0,0,0,0,0,'Henela Mniszek','',1,0,1,'',NULL,'2018-08-19 07:55:21'),(162,'Tội ác và trừng phạt','',2,'Văn học nước ngoài',0,0,0,0,0,NULL,NULL,1,0,1,NULL,NULL,NULL),(163,'Tôi đã đi du học bằng học bổng như thế nào','uploads/book/book_17_1534431705976.jpg',2,'Văn học nước ngoài',0,0,0,0,0,'Chu Đình Tới','',1,0,1,'',NULL,'2018-08-16 15:01:49'),(164,'Tôi độc thân','',2,'Văn học nước ngoài',0,0,0,0,0,'Nhiều tác giả','',1,0,1,'',NULL,'2018-08-19 14:07:22'),(165,'Tôi không phải Phan Kim Liên','',2,'Văn học nước ngoài',0,0,0,0,0,'Lưu Chấn Vân','',1,0,1,'',NULL,'2018-08-19 14:18:46'),(166,'Tuổi 17','',2,'Văn học nước ngoài',0,0,0,0,0,'German Matveev','',1,0,1,'',NULL,'2018-08-18 09:31:03'),(167,'Túp lều bác Tom','',2,'Văn học nước ngoài',0,0,0,0,0,NULL,NULL,1,0,1,NULL,NULL,NULL),(168,'Tuyển tập truyện kinh dị thế giới','',2,'Văn học nước ngoài',0,0,0,0,0,'','',1,0,1,'',NULL,'2018-08-20 01:10:42'),(169,'Từ ghế nhà trường đến giảng đường đại học','',2,'Văn học nước ngoài',0,0,0,0,0,'Lý Nhược Thần','',1,0,1,'',NULL,'2018-08-18 08:27:51'),(170,'Từ mỹ học đến các loại hình nghệ thuật','',2,'Văn học nước ngoài',0,0,0,0,0,NULL,NULL,1,0,1,NULL,NULL,NULL),(171,'Tường Vi đêm đầu tiên','',2,'Văn học nước ngoài',0,1,0,0,0,NULL,NULL,1,0,0,NULL,NULL,'2018-04-26 10:47:06'),(172,'Thần thoại Hy Lạp','',2,'Văn học nước ngoài',0,1,0,0,0,'','',3,0,3,'',NULL,'2018-08-18 09:30:07'),(173,'Thép đã tôi thế đấy','',2,'Văn học nước ngoài',0,2,0,0,0,'Nhicalai Axtơrốpxki','',1,0,0,'',NULL,'2018-08-18 08:17:42'),(174,'Thủy Hử 1','',2,'Văn học nước ngoài',0,0,0,0,0,'Thi Nại Am','',1,0,1,'',NULL,'2018-08-19 07:32:38'),(175,'Thư ngỏ gửi tuổi đôi mươi','',2,'Văn học nước ngoài',0,0,0,0,0,NULL,NULL,1,0,1,NULL,NULL,NULL),(176,'Trà hoa nữ','',2,'Văn học nước ngoài',0,0,0,0,0,'Alexandre Duma','',1,0,1,'',NULL,'2018-08-19 07:49:47'),(177,'Trầm Hương Uyển 2','',2,'Văn học nước ngoài',0,0,0,0,0,'Bộ Vi lan','',1,0,1,'',NULL,'2018-08-17 08:25:00'),(178,'Trên con tàu hướng tới bình minh','',2,'Văn học nước ngoài',0,0,0,0,0,'C.S. Lewis','',1,0,1,'',NULL,'2018-08-18 08:28:11'),(179,'Trò chuyện trong quán Lacatedral','',2,'Văn học nước ngoài',0,0,0,0,0,'Mario Vargas Llosa','',1,0,1,'',NULL,'2018-08-19 07:31:33'),(180,'Trốn chạy','',2,'Văn học nước ngoài',0,0,0,0,0,'Alice Munro','',1,0,1,'',NULL,'2018-08-18 08:23:02'),(181,'Trở lại thiên đường','',2,'Văn học nước ngoài',0,0,0,0,0,'Ellia Kazan','',1,0,1,'',NULL,'2018-08-20 14:12:14'),(182,'Truyện đặc sắc thế giới','',2,'Văn học nước ngoài',0,0,0,0,0,'','',1,0,1,'',NULL,'2018-08-19 07:55:35'),(183,'Truyện kể Tây Tạng','',2,'Văn học nước ngoài',0,0,0,0,0,'Dư Khanh dịch','',1,0,1,'',NULL,'2018-08-19 07:39:50'),(184,'Truyện kể về thần đồng thế giới','',2,'Văn học nước ngoài',0,0,0,0,0,NULL,NULL,1,0,1,NULL,NULL,NULL),(185,'Truyện ngắn Ba Lan chọn lọc','',2,'Văn học nước ngoài',0,0,0,0,0,NULL,NULL,1,0,1,NULL,NULL,NULL),(186,'Truyện ngắn kỳ lạ','',2,'Văn học nước ngoài',0,1,0,0,0,NULL,NULL,1,0,0,NULL,NULL,'2018-04-24 14:28:15'),(187,'Va-len-ti Xê-rốp','',2,'Văn học nước ngoài',0,0,0,0,0,NULL,NULL,1,0,1,NULL,NULL,NULL),(188,'Ván cờ người','',2,'Văn học nước ngoài',0,0,0,0,0,'Vương Thụ Hưng','',1,0,1,'',NULL,'2018-08-17 08:46:15'),(189,'Vào trong hoang dã','',2,'Văn học nước ngoài',0,0,0,0,0,'Jon Krakauer','',1,0,1,'',NULL,'2018-08-20 14:19:44'),(190,'Văn học phương Tây','',2,'Văn học nước ngoài',0,0,0,0,0,'Nhiều tác giả','',1,0,1,'',NULL,'2018-08-19 07:32:05'),(191,'Vẫn mơ về em','',2,'Văn học nước ngoài',0,0,0,0,0,'Hồng Cửu','',1,0,1,'',NULL,'2018-08-20 13:43:27'),(192,'Vấn vương đến chết','',2,'Văn học nước ngoài',0,1,0,0,0,'Hồng Nương Tử','',1,0,1,'',NULL,'2018-08-18 08:22:43'),(193,'Vợ ơi theo anh về nhà','',2,'Văn học nước ngoài',0,0,0,0,0,'Tửu Tiểu Thất','',1,0,1,'',NULL,'2018-08-18 08:13:43'),(194,'Vương quốc phấn son','',2,'Văn học nước ngoài',0,0,0,0,0,NULL,NULL,1,0,1,NULL,NULL,NULL),(195,'William những trò nhố','',2,'Văn học nước ngoài',0,0,0,0,0,'Richmal Crompton','',1,0,1,'',NULL,'2018-08-20 01:49:18'),(196,'Xa đám đông điên loạn','',2,'Văn học nước ngoài',0,0,0,0,0,'Thomas Hardy','',1,0,1,'',NULL,'2018-08-17 08:57:26'),(197,'Xibiri','',2,'Văn học nước ngoài',0,0,0,0,0,'Gheeorghi Markốp','',1,0,1,'',NULL,'2018-08-18 08:27:23'),(198,'Xin ch-a-à-o !','',2,'Văn học nước ngoài',0,0,0,0,0,'Azít Nêxin','',1,0,1,'',NULL,'2018-08-19 14:07:38'),(199,'Yêu em thật xui xẻo','',2,'Văn học nước ngoài',0,0,0,0,0,NULL,NULL,1,0,1,NULL,NULL,NULL),(200,'Zarathustra đã nói như thế','',2,'Văn học nước ngoài',0,0,0,0,0,'Friedrich Nietzsche','',1,0,1,'',NULL,'2018-08-19 07:57:13'),(201,'101 truyện cười dân gian xưa và nay','',1,'Văn học Việt Nam',0,0,0,1,0,NULL,NULL,1,0,1,NULL,NULL,NULL),(202,'Anh em một nhà','',1,'Văn học Việt Nam',0,0,0,0,0,NULL,NULL,1,0,1,NULL,NULL,NULL),(203,'Anh là đồ khốn nhưng em yêu anh','',1,'Văn học Việt Nam',0,0,0,0,0,'Sam','',1,0,1,'',NULL,'2018-04-29 04:02:15'),(204,'Bài thơ cho em','',1,'Văn học Việt Nam',0,0,0,0,0,NULL,NULL,1,0,1,NULL,NULL,NULL),(205,'Bánh bèo phiêu lưu kí','',1,'Văn học Việt Nam',0,0,0,0,0,'Ploy','',1,0,1,'',NULL,'2018-04-29 04:02:55'),(206,'Bầu trời rộng rãi','uploads/book/book_6_1534311934553.jpg',1,'Văn học Việt Nam',0,0,0,0,0,'Nhiều tác giả','',2,0,2,'',NULL,'2018-08-15 05:45:37'),(207,'Bầu trời trong quả trứng','',1,'Văn học Việt Nam',0,0,0,0,0,'Xuân Quỳnh','',1,0,1,'',NULL,'2018-04-29 04:10:54'),(208,'Bến trần gian','',1,'Văn học Việt Nam',0,0,0,0,0,'Lưu Sơn Minh','',1,0,1,'',NULL,'2018-04-29 04:12:30'),(209,'Bí mật cuộc đời người Mĩ làm \"sống lại\" Đặng Thùy Trâm','',1,'Văn học Việt Nam',0,0,0,0,0,'Ferederic Whitehurst & nhóm tác giả','',1,0,1,'',NULL,'2018-04-29 04:16:07'),(210,'Bỉ vỏ','',1,'Văn học Việt Nam',0,0,0,0,0,'Nguyên Hồng','',1,0,1,'',NULL,'2018-04-29 04:29:09'),(211,'Bóng giai nhân','',1,'Văn học Việt Nam',0,0,0,0,0,'Đặng Thiều Quang','',1,0,1,'',NULL,'2018-04-29 07:56:54'),(212,'Bồ câu không đưa thư','uploads/book/book_6_1534310975000.jpg',1,'Văn học Việt Nam',0,0,0,0,0,'Nguyễn Nhật ánh','',1,0,1,'',NULL,'2018-08-15 05:29:38'),(213,'Bước đường cùng','',1,'Văn học Việt Nam',0,0,0,0,0,'Nguyễn Công Hoan','',1,0,1,'',NULL,'2018-04-29 07:57:38'),(214,'Cái chết cô ca sĩ trẻ','',1,'Văn học Việt Nam',0,0,0,0,0,'Nguyễn Thanh Hoàng','',1,0,1,'',NULL,'2018-04-29 08:10:04'),(215,'Café yêu','',1,'Văn học Việt Nam',0,1,0,0,0,'Minh Nhật','',1,0,1,'',NULL,'2018-04-29 08:11:22'),(216,'Gió cát miền trung','',1,'Văn học Việt Nam',0,0,0,0,0,'Nhiều tác giả','',1,0,1,'',NULL,'2018-08-21 14:57:01'),(217,'Cấp cứu thời kẹt xe','',1,'Văn học Việt Nam',0,0,0,0,0,'Nhiều tác giả','',1,0,1,'',NULL,'2018-04-29 08:19:11'),(218,'Có chú chim sẻ đậu trên mái nhà','',1,'Văn học Việt Nam',0,0,0,0,0,'Nhiều tác giả','',1,0,1,'',NULL,'2018-04-29 08:35:36'),(219,'Cỏ gà','',1,'Văn học Việt Nam',0,0,0,0,0,'Nguyễn Trà','',1,0,1,'',NULL,'2018-04-29 08:36:16'),(220,'Cocktail cho tình yêu','',1,'Văn học Việt Nam',0,0,0,0,0,'Trần Thu Trang','',1,0,1,'',NULL,'2018-04-29 08:39:02'),(221,'Con cảm ơn thầy','',1,'Văn học Việt Nam',0,0,0,0,0,'Phù Lưu (tuyển chọn)','',1,0,1,'',NULL,'2018-04-29 08:40:32'),(222,'Con mèo cầu hôn và chiếc quần không khóa','',1,'Văn học Việt Nam',0,0,0,0,0,'Lê Sao Chi','',1,0,1,'',NULL,'2018-04-29 08:41:17'),(223,'Cố đô Huế: đẹp và thơ','',1,'Văn học Việt Nam',0,0,0,0,0,NULL,NULL,1,0,1,NULL,NULL,NULL),(224,'Công chúa nhỏ','',2,'Văn học nước ngoài',0,0,0,0,0,'Frances Hodgson Burnett','',1,0,1,'',NULL,'2018-08-18 08:16:29'),(225,'Cung đường vàng nắng','uploads/book/book_6_1534309997266.jpg',1,'Văn học Việt Nam',0,0,0,0,0,'Dương Thụy','',1,0,1,'',NULL,'2018-08-15 05:13:20'),(226,'Cuộc phiêu lưu của Văn Ngan tướng công','',1,'Văn học Việt Nam',0,0,0,0,0,'Vũ Tú Nam','',1,0,1,'',NULL,'2018-04-29 08:44:19'),(227,'Cuộc sống ơi, ta mãi yêu người','',1,'Văn học Việt Nam',0,0,0,0,0,NULL,NULL,1,0,1,NULL,NULL,NULL),(228,'Cửa rừng','',1,'Văn học Việt Nam',0,0,0,0,0,NULL,NULL,1,0,1,NULL,NULL,NULL),(229,'Cha và con','',1,'Văn học Việt Nam',0,0,0,0,0,'Hồ Phương','',1,0,1,'',NULL,'2018-04-29 08:21:27'),(230,'Chat với tình địch','',1,'Văn học Việt Nam',0,0,0,0,0,'Cấn Vân Khánh','',1,0,1,'',NULL,'2018-08-21 14:50:11'),(231,'Chạy…','',1,'Văn học Việt Nam',0,0,0,0,0,NULL,NULL,1,0,1,NULL,NULL,NULL),(232,'Chí phèo','',1,'Văn học Việt Nam',0,0,0,0,0,'Nam Cao','',1,0,1,'',NULL,'2018-04-29 08:27:48'),(233,'Chiều đông','',1,'Văn học Việt Nam',0,0,0,0,0,'Đoàn Xuân Tiến','',1,0,1,'',NULL,'2018-04-29 08:28:20'),(234,'Chờ em đến San Francisco','',1,'Văn học Việt Nam',0,0,0,0,0,'Dương Thụy','',1,0,1,'',NULL,'2018-04-29 08:29:43'),(235,'Cho em gần anh thêm chút nữa','',1,'Văn học Việt Nam',0,0,0,0,0,'Gào','',1,0,1,'',NULL,'2018-04-29 08:28:57'),(236,'Chúng ta rồi sẽ ổn thôi','',1,'Văn học Việt Nam',0,0,0,0,0,'Gào - Minh Nhật','',1,0,1,'',NULL,'2018-04-29 08:30:58'),(237,'Chuyện cũ Hà Nội (tập 2)','',1,'Văn học Việt Nam',0,0,0,0,0,'Tô Hoài','',1,0,1,'',NULL,'2018-04-29 08:31:53'),(238,'Chuyện tào lao của vàng vàng','',1,'Văn học Việt Nam',0,0,0,0,0,'Phan Kim Thanh','',1,0,1,'',NULL,'2018-08-21 14:58:19'),(239,'Chửa hết nợ trần gian','',1,'Văn học Việt Nam',0,0,0,0,0,'Nhiều tác giả','',1,0,1,'',NULL,'2018-04-29 08:30:25'),(240,'Dằng dặc triền sông mưa','',1,'Văn học Việt Nam',0,0,0,0,0,'Đỗ Phấn','',1,0,1,'',NULL,'2018-04-29 08:46:01'),(241,'Dị hương','',1,'Văn học Việt Nam',0,0,0,0,0,'Sương Nguyệt Minh','',1,0,1,'',NULL,'2018-04-29 08:46:37'),(242,'Duyên quê','',1,'Văn học Việt Nam',0,0,0,0,0,NULL,NULL,1,0,1,NULL,NULL,NULL),(243,'Dứt tình','',1,'Văn học Việt Nam',0,0,0,0,0,'Vũ Trọng Phụng','',1,0,1,'',NULL,'2018-04-29 09:04:08'),(244,'Đảo mơ','',1,'Văn học Việt Nam',0,0,0,0,0,NULL,NULL,1,0,1,NULL,NULL,NULL),(245,'Đất rừng phương Nam','',1,'Văn học Việt Nam',0,0,0,0,0,NULL,NULL,1,0,1,NULL,NULL,NULL),(246,'Đêm yên tĩnh','',1,'Văn học Việt Nam',0,0,0,0,0,NULL,NULL,1,0,1,NULL,NULL,NULL),(247,'Đi dọc Hà Nội','',1,'Văn học Việt Nam',0,0,0,0,0,NULL,NULL,1,0,1,NULL,NULL,NULL),(248,'Đi tìm người Tây tiến','',1,'Văn học Việt Nam',0,0,0,0,0,NULL,NULL,1,0,1,NULL,NULL,NULL),(249,'Đi về không điểm đến','',1,'Văn học Việt Nam',0,0,0,0,0,NULL,NULL,1,0,1,NULL,NULL,NULL),(250,'Điều ước tai hại','',1,'Văn học Việt Nam',0,0,0,0,0,NULL,NULL,1,0,1,NULL,NULL,NULL),(251,'Đời thường','',1,'Văn học Việt Nam',0,0,0,0,0,NULL,NULL,1,0,1,NULL,NULL,NULL),(252,'Đường mòn trên biển','',1,'Văn học Việt Nam',0,0,0,0,0,NULL,NULL,1,0,1,NULL,NULL,NULL),(253,'Em khóc ư, ngày hôm qua','',1,'Văn học Việt Nam',0,0,0,0,0,'Mắt Trong Veo','',1,0,1,'',NULL,'2018-04-29 09:12:09'),(254,'Gọi con người','',1,'Văn học Việt Nam',0,0,0,0,0,'Hòa Bình','',1,0,1,'',NULL,'2018-04-29 10:54:38'),(255,'Gia đình bé mọn','',1,'Văn học Việt Nam',0,0,0,0,0,'Dạ Ngân','',1,0,1,'',NULL,'2018-04-29 09:12:35'),(256,'Gia đình của cả hai người','',1,'Văn học Việt Nam',0,0,0,0,0,NULL,NULL,1,0,1,NULL,NULL,NULL),(257,'Gia đình lung linh','',1,'Văn học Việt Nam',0,0,0,0,0,'Nhiều tác giả','',1,0,1,'',NULL,'2018-04-29 09:16:41'),(258,'Giấc mơ đôi chân thiên thần','',1,'Văn học Việt Nam',0,0,0,0,0,'Trần Trà My','',1,0,1,'',NULL,'2018-04-29 10:52:34'),(259,'Giông tố','',1,'Văn học Việt Nam',0,1,0,0,0,'Vũ Trọng Phụng','',1,0,1,'',NULL,'2018-08-15 05:50:34'),(260,'Hà Nội 36 phố phường','',1,'Văn học Việt Nam',0,0,0,0,0,'Thạch Lam','',1,0,1,'',NULL,'2018-04-29 11:23:28'),(261,'Hà Nội và tôi','',1,'Văn học Việt Nam',0,0,0,0,0,NULL,NULL,1,0,1,NULL,NULL,NULL),(262,'Hai sắc hoa tigon','',1,'Văn học Việt Nam',0,0,0,0,0,'Nhiều tác giả','',1,0,1,'',NULL,'2018-04-29 11:25:50'),(263,'Hãy nói yêu thôi, đừng nói yêu mãi mãi','',1,'Văn học Việt Nam',0,0,0,0,0,'Nhiều tác giả','',1,0,1,'',NULL,'2018-04-29 13:52:36'),(264,'Hoa mong manh','',1,'Văn học Việt Nam',0,0,0,0,0,'Dương Linh','',1,0,1,'',NULL,'2018-04-29 13:53:10'),(265,'Kính vạn hoa','',1,'Văn học Việt Nam',0,0,0,0,0,'Nguyễn Nhật Ánh','',1,0,1,'',NULL,'2018-04-29 13:55:05'),(266,'Ký ức mắt đen','',1,'Văn học Việt Nam',0,0,0,0,0,'Nguyễn Trọng Tạo','',1,0,1,'',NULL,'2018-04-29 13:57:47'),(267,'Không gì ngăn cách nổi tình yêu','',1,'Văn học Việt Nam',0,0,0,0,0,'Hàn băng Vũ','',1,0,1,'',NULL,'2018-04-29 13:54:52'),(268,'Làm gì khi bị tình phụ','',1,'Văn học Việt Nam',0,1,0,0,0,'VintageLover KP','',1,0,1,'',NULL,'2018-05-16 03:36:01'),(269,'Lòng người góc cạnh','',1,'Văn học Việt Nam',0,0,0,0,0,NULL,NULL,1,0,1,NULL,NULL,NULL),(270,'Lòng người mênh mang','',1,'Văn học Việt Nam',0,0,0,0,0,'Hoàng Hồng minh','',1,0,1,'',NULL,'2018-04-29 14:07:33'),(271,'Lộ trình mùa xuân','',1,'Văn học Việt Nam',0,0,0,0,0,NULL,NULL,1,0,1,NULL,NULL,NULL),(272,'Ma nét','',1,'Văn học Việt Nam',0,0,0,0,0,NULL,NULL,1,0,1,NULL,NULL,NULL),(273,'Mãi mãi tuổi 20','',1,'Văn học Việt Nam',0,0,0,0,0,'Nguyễn Văn Thạc','',2,0,2,'',NULL,'2018-04-29 14:09:24'),(274,'Mái trường thân yêu: thầy giáo của các học sinh giỏi toán','',4,'Kỹ năng',0,0,0,0,0,'Lê Khắc Hoan','',1,0,1,'',NULL,'2018-08-16 14:30:21'),(275,'Mang thai tuổi 17','',1,'Văn học Việt Nam',0,0,0,0,0,'Võ Anh Thơ','',1,0,1,'',NULL,'2018-04-29 14:11:13'),(276,'Mắt híp và môi cuốn lô','',1,'Văn học Việt Nam',0,0,0,0,0,'Nguyễn Thu Thủy','',1,0,1,'',NULL,'2018-04-29 14:12:25'),(277,'Mẹ điên','',1,'Văn học Việt Nam',0,0,0,0,0,'Trang Hạ','',1,0,1,'',NULL,'2018-04-29 14:13:24'),(278,'Mê cung','',1,'Văn học Việt Nam',0,0,0,0,0,'Nguyễn Phan Hách','',1,0,1,'',NULL,'2018-08-21 14:46:12'),(279,'Miếng ngon Hà Nội','',1,'Văn học Việt Nam',0,0,0,0,0,'Vũ Bằng','',1,0,1,'',NULL,'2018-04-29 14:14:00'),(280,'Mộ chàng xác thiếp','',1,'Văn học Việt Nam',0,0,0,0,0,'Người Khăn Trắng','',1,0,1,'',NULL,'2018-04-29 14:14:33'),(281,'Mối tình đầu của tôi','',1,'Văn học Việt Nam',0,0,0,0,0,'Ngân Hà','',1,0,1,'',NULL,'2018-04-29 14:15:33'),(282,'Một nơi ngả đầu','',1,'Văn học Việt Nam',0,0,0,0,0,'Nhiều tác giả','',1,0,1,'',NULL,'2018-04-29 14:16:27'),(283,'Một thoáng cuộc đời','',1,'Văn học Việt Nam',0,0,0,0,0,'Trần Thành Mỹ','',1,0,1,'',NULL,'2018-04-29 14:25:56'),(284,'Mùa đi qua mùa','',1,'Văn học Việt Nam',0,0,0,0,0,'','',1,0,1,'',NULL,'2018-04-29 14:29:33'),(285,'Mùa hè năm ấy','',1,'Văn học Việt Nam',0,0,0,0,0,'Đặng Huỳnh Mai Anh','',1,0,1,'',NULL,'2018-04-29 14:27:07'),(286,'Niềm tin hầm thời gian','',1,'Văn học Việt Nam',0,0,0,0,0,'Nhiều tác giả','',1,0,1,'',NULL,'2018-04-30 07:57:54'),(287,'Nơi trú ngụ không có trong bản đồ','uploads/book/book_6_1534311721031.jpg',1,'Văn học Việt Nam',0,0,0,0,0,'Nguyễn Thị Thanh Bình - Tịnh Thủy','',1,0,1,'',NULL,'2018-08-15 05:42:03'),(288,'Ngắn & rất ngắn','',1,'Văn học Việt Nam',0,0,0,0,0,'Thái Hậu','',1,0,1,'',NULL,'2018-08-15 05:52:58'),(289,'Nghiêng nghiêng nụ cười','',1,'Văn học Việt Nam',0,0,0,0,0,'Nhiều tác giả','',1,0,1,'',NULL,'2018-04-29 14:32:32'),(290,'Ngôi nhà không cửa sổ','uploads/book/book_6_1534309779474.jpg',1,'Văn học Việt Nam',0,0,0,0,0,'Khiêm Nhu','',1,0,1,'',NULL,'2018-08-15 05:09:42'),(291,'Ngụ ngôn và cuộc sống','',1,'Văn học Việt Nam',0,0,0,0,0,NULL,NULL,1,0,1,NULL,NULL,NULL),(292,'Nguười đi bỏ mặc thế gian','',1,'Văn học Việt Nam',0,0,0,0,0,NULL,NULL,1,0,1,NULL,NULL,NULL),(293,'Nguyên ơi, những tiếng lòng tri âm','',1,'Văn học Việt Nam',0,0,0,0,0,'Hải Triều Lê','',1,0,1,'',NULL,'2018-04-29 14:38:20'),(294,'Người đi vắng','',1,'Văn học Việt Nam',0,0,0,0,0,'Nguyễn Bình Phương','',1,0,1,'',NULL,'2018-04-29 14:36:46'),(295,'Người không nhớ tôi sao','',1,'Văn học Việt Nam',0,0,0,0,0,'Tiểu Châu','',1,0,1,'',NULL,'2018-04-29 14:34:40'),(296,'Người trồng hoa và chàng tu sĩ','',1,'Văn học Việt Nam',0,0,0,0,0,'Minh Đức Triều Tâm Ảnh','',1,0,1,'',NULL,'2018-04-29 14:36:22'),(297,'Hà Nội qua những năm tháng','',1,'Văn học Việt Nam',0,0,0,0,0,'Nguyễn Vinh phúc','',1,0,1,'',NULL,'2018-04-29 11:24:11'),(298,'Nháp','',1,'Văn học Việt Nam',0,0,0,0,0,'Nguyễn Đình Tú','',1,0,1,'',NULL,'2018-04-29 14:40:27'),(299,'Nhật kí Đặng Thùy Trâm','',1,'Văn học Việt Nam',0,0,0,0,0,'Đặng Thùy Trâm','',1,0,1,'',NULL,'2018-04-29 14:41:28'),(300,'Nhật kí trong tù','',1,'Văn học Việt Nam',0,0,0,0,0,'Hồ Chí Minh','',1,0,1,'',NULL,'2018-04-29 14:40:51'),(301,'Nhiều cách sống','',1,'Văn học Việt Nam',0,0,0,0,0,'Nguyễn Quỳnh Trang','',1,0,1,'',NULL,'2018-04-29 14:42:49'),(302,'Nhớ về ta','',1,'Văn học Việt Nam',0,0,0,0,0,NULL,NULL,1,0,1,NULL,NULL,NULL),(303,'Những cuộc đời được thay đổi','',1,'Văn học Việt Nam',0,0,0,0,0,'Quang Huy','',1,0,1,'',NULL,'2018-04-30 07:56:05'),(304,'Những chùm hoa nắng','',1,'Văn học Việt Nam',0,0,0,0,0,NULL,NULL,1,0,1,NULL,NULL,NULL),(305,'Những phiên bản nằm nghiêng','',1,'Văn học Việt Nam',0,0,0,0,0,'Yến Linh','',1,0,1,'',NULL,'2018-04-30 07:57:25'),(306,'Ôm tim anh bỏ chạy','',1,'Văn học Việt Nam',0,0,0,0,0,'Nguyễn Hồng Diệu','',1,0,1,'',NULL,'2018-04-30 08:00:45'),(307,'Phố cửa giấy','',1,'Văn học Việt Nam',0,0,0,0,0,'A Văn (Lê Bầu biên dịch)','',1,0,1,'',NULL,'2018-04-30 08:01:44'),(308,'Quê hương, thời để nhớ','',1,'Văn học Việt Nam',0,0,0,0,0,'','',1,0,1,'',NULL,'2018-04-30 08:02:43'),(309,'Sáng thứ 6 hôm nay có mưa','',1,'Văn học Việt Nam',0,0,0,0,0,'(Tùy bút)','',1,0,1,'',NULL,'2018-04-30 08:06:12'),(310,'Sau những mùa trăng','',1,'Văn học Việt Nam',0,0,0,0,0,'Đỗ Bích Thủy','',1,0,1,'',NULL,'2018-04-30 08:07:20'),(311,'Sắc hoa tigon đỏ','',1,'Văn học Việt Nam',0,0,0,0,0,NULL,NULL,1,0,1,NULL,NULL,NULL),(312,'Sẽ không còn ai độc thân nữa','',1,'Văn học Việt Nam',0,0,0,0,0,NULL,NULL,1,0,1,NULL,NULL,NULL),(313,'Sinh năm 1980','',1,'Văn học Việt Nam',0,0,0,0,0,'tứ triệu thọ','',1,0,1,'',NULL,'2018-08-21 15:45:12'),(314,'Sừng rượu thề','',1,'Văn học Việt Nam',0,0,0,0,0,'Nghiêm Đa Văn','',1,0,1,'',NULL,'2018-04-30 08:12:23'),(315,'Sương tuyết xứ người','',1,'Văn học Việt Nam',0,0,0,0,0,NULL,NULL,1,0,1,NULL,NULL,NULL),(316,'Tác phẩm trọn lọc','',1,'Văn học Việt Nam',0,0,0,0,0,'Nhiều tác giả','',1,0,1,'',NULL,'2018-08-21 14:47:02'),(317,'Tạm biệt, em ổn','',1,'Văn học Việt Nam',0,0,0,0,0,'Tờ Pi','',1,0,1,'',NULL,'2018-04-30 08:14:24'),(318,'Tập viết chữ yêu','',1,'Văn học Việt Nam',0,0,0,0,0,'Thương Huyền','',1,0,1,'',NULL,'2018-04-30 08:15:08'),(319,'Tất cả là con số 0','',1,'Văn học Việt Nam',0,0,0,0,0,NULL,NULL,1,0,1,NULL,NULL,NULL),(320,'Tiếng đàn môi sau bờ rào đá','uploads/book/book_6_1534307560447.jpg',1,'Văn học Việt Nam',0,0,0,0,0,'Đỗ Bích Thúy','',1,0,1,'',NULL,'2018-08-15 04:32:47'),(321,'Tình nhân và những chuyện khác','',1,'Văn học Việt Nam',0,0,0,0,0,NULL,NULL,1,0,1,NULL,NULL,NULL),(322,'Tìm thấy bạn ở đó','',1,'Văn học Việt Nam',0,0,0,0,0,NULL,NULL,1,0,1,NULL,NULL,NULL),(323,'Tổ quốc gọi tên mình','',1,'Văn học Việt Nam',0,0,0,0,0,NULL,NULL,1,0,1,NULL,NULL,NULL),(324,'Tuyển tập Vũ Trọng Phụng tập 1+2','',1,'Văn học Việt Nam',0,0,0,0,0,'','',2,0,2,'',NULL,'2018-08-15 05:04:57'),(325,'Thầy đã sưởi ấm trái tim em','',1,'Văn học Việt Nam',0,0,0,0,0,'(Chưa rõ)','',1,0,1,'',NULL,'2018-04-30 08:28:24'),(326,'Thi ca bình dân Việt Nam','',1,'Văn học Việt Nam',0,0,0,0,0,NULL,NULL,1,0,1,NULL,NULL,NULL),(327,'Thi nhân Việt Nam','',1,'Văn học Việt Nam',0,0,0,0,0,NULL,NULL,2,0,2,NULL,NULL,NULL),(328,'Thoang thoảng hương trầm','',1,'Văn học Việt Nam',0,0,0,0,0,NULL,NULL,1,0,1,NULL,NULL,NULL),(329,'Thổi nến nào, yêu thương','',1,'Văn học Việt Nam',0,0,0,0,0,NULL,NULL,2,0,2,NULL,NULL,NULL),(330,'Thơ Bằng Việt','',1,'Văn học Việt Nam',0,0,0,0,0,NULL,NULL,1,0,1,NULL,NULL,NULL),(331,'Thơ Huy Cận','',1,'Văn học Việt Nam',0,0,0,0,0,NULL,NULL,1,0,1,NULL,NULL,NULL),(332,'Thơ tình Xuân Quỳnh','',1,'Văn học Việt Nam',0,0,0,0,0,NULL,NULL,1,0,1,NULL,NULL,NULL),(333,'Thơ và đời Hồ Xuân Hương','',1,'Văn học Việt Nam',0,0,0,0,0,NULL,NULL,1,0,1,NULL,NULL,NULL),(334,'Thơ và đời Xuân Quỳnh','',1,'Văn học Việt Nam',0,0,0,0,0,'Vân long','',1,0,1,'',NULL,'2018-08-21 15:46:07'),(335,'Thơ Xuân Quỳnh','',1,'Văn học Việt Nam',0,0,0,0,0,NULL,NULL,1,0,1,NULL,NULL,NULL),(336,'Thời để nhớ','',1,'Văn học Việt Nam',0,0,0,0,0,NULL,NULL,1,0,1,NULL,NULL,NULL),(337,'Thời xa vắng','',1,'Văn học Việt Nam',0,1,0,0,0,'Lê Lựu','',1,0,0,'',NULL,'2018-08-15 05:58:17'),(338,'Thương nhớ 12','',1,'Văn học Việt Nam',0,0,0,0,0,NULL,NULL,2,0,2,NULL,NULL,NULL),(339,'Trại hồ li','',1,'Văn học Việt Nam',0,0,0,0,0,NULL,NULL,1,0,1,NULL,NULL,NULL),(340,'Triền đê lộng gió','',1,'Văn học Việt Nam',0,0,0,0,0,NULL,NULL,1,0,1,NULL,NULL,NULL),(341,'Truyện cười','',1,'Văn học Việt Nam',0,0,0,0,0,NULL,NULL,1,0,1,NULL,NULL,NULL),(342,'Truyện cười Việt Nam','',1,'Văn học Việt Nam',0,0,0,0,0,'','',1,0,1,'(sách song ngữ)',NULL,'2018-08-15 05:54:03'),(343,'Truyện Kiều','',1,'Văn học Việt Nam',0,0,0,0,0,NULL,NULL,1,0,1,NULL,NULL,NULL),(344,'Truyện ngắn Kiều Xuân Thủy','',1,'Văn học Việt Nam',0,0,0,0,0,NULL,NULL,1,0,1,NULL,NULL,NULL),(345,'Truyện ngắn tình yêu 2','',1,'Văn học Việt Nam',0,0,0,0,0,NULL,NULL,1,0,1,NULL,NULL,NULL),(346,'Và nụ cười sẽ hong khô tất cả','',1,'Văn học Việt Nam',0,0,0,0,0,NULL,NULL,1,0,1,NULL,NULL,NULL),(347,'Vàng ở miếu Ba Cô','',1,'Văn học Việt Nam',0,0,0,0,0,NULL,NULL,1,0,1,NULL,NULL,NULL),(348,'Vết sẹo và cái đầu hói','',1,'Văn học Việt Nam',0,0,0,0,0,NULL,NULL,1,0,1,NULL,NULL,NULL),(349,'Viên ngọc mắt mèo','',1,'Văn học Việt Nam',0,0,0,0,0,NULL,NULL,1,0,1,NULL,NULL,NULL),(350,'Vòng tay yêu thương','',1,'Văn học Việt Nam',0,0,0,0,0,NULL,NULL,1,0,1,NULL,NULL,NULL),(351,'Vợ nhặt','',1,'Văn học Việt Nam',0,0,0,0,0,NULL,NULL,2,0,2,NULL,NULL,NULL),(352,'Vụng dại tuổi 17','',1,'Văn học Việt Nam',0,0,0,0,0,NULL,NULL,1,0,1,NULL,NULL,NULL),(353,'Vượt qua sóng dữ','',1,'Văn học Việt Nam',0,0,0,0,0,NULL,NULL,1,0,1,NULL,NULL,NULL),(354,'Xác ma cười','',1,'Văn học Việt Nam',0,0,0,0,0,NULL,NULL,1,0,1,NULL,NULL,NULL),(355,'Xách ba lô lên và đi','',1,'Văn học Việt Nam',0,0,0,0,0,NULL,NULL,1,0,1,NULL,NULL,NULL),(356,'Xoạc cẳng đợi mùa xuân','',1,'Văn học Việt Nam',0,0,0,0,0,'','',1,0,1,'',NULL,'2018-08-15 06:16:00'),(357,'Xu Xu đừng khóc','',1,'Văn học Việt Nam',0,0,0,0,0,'','',1,0,1,'',NULL,'2018-04-29 03:58:42'),(358,'Xuyên thấm','',1,'Văn học Việt Nam',0,0,0,0,0,NULL,NULL,1,0,1,NULL,NULL,NULL),(359,'Yêu tinh tình yêu','',1,'Văn học Việt Nam',0,0,0,0,0,NULL,NULL,1,0,1,NULL,NULL,NULL),(360,'Yêu thương là định mệnh','',2,'Văn học nước ngoài',0,2,0,0,0,'Nhiều tác giả','',1,0,1,'',NULL,'2018-08-19 14:14:02'),(361,'Yêu và sống','',1,'Văn học Việt Nam',0,0,0,0,0,NULL,NULL,1,0,1,NULL,NULL,NULL),(362,'10 Năm cải cách kinh tế của cộng hòa Séc','',3,'Lịch sử văn hóa',0,0,0,3,0,NULL,NULL,1,0,1,NULL,NULL,NULL),(363,'161 Truyện vui về các danh nhân','',3,'Lịch sử văn hóa',0,0,0,0,0,'Vũ Văn Tôn','',1,0,1,'',NULL,'2018-08-20 14:40:45'),(364,'36 Dấu ấn lịch sử văn hóa Hà Nội','',3,'Lịch sử văn hóa',0,0,0,0,0,'Quốc Văn','',1,0,1,'',NULL,'2018-08-20 14:41:47'),(365,'50 Vũ khí làm thay đổi cục diện chiến tranh','',3,'Lịch sử văn hóa',0,0,0,0,0,'William Weir','',1,0,1,'',NULL,'2018-08-20 15:01:40'),(366,'7 Ngày và 35 năm','',3,'Lịch sử văn hóa',0,0,0,0,0,NULL,NULL,2,0,2,NULL,NULL,NULL),(367,'Bách khoa toàn thư Hà Nội (tập)','',3,'Lịch sử văn hóa',0,0,0,0,0,NULL,NULL,2,0,2,NULL,NULL,NULL),(368,'Bí ẩn của lòng  đất','',3,'Lịch sử văn hóa',0,0,0,0,0,'Hoàng Văn Khoán','',1,0,1,'',NULL,'2018-08-20 14:44:18'),(369,'Bí ẩn về các danh nhân thế giới','',3,'Lịch sử văn hóa',0,0,0,0,0,NULL,NULL,1,0,1,NULL,NULL,NULL),(370,'Bóng nước Hồ Gươm (tập1+2)','',3,'Lịch sử văn hóa',0,0,0,0,0,'Chu Thiên','',2,0,2,'',NULL,'2018-08-20 14:46:31'),(371,'Các mô hình quản lý nhà nước hiện đại','',3,'Lịch sử văn hóa',0,0,0,0,0,'David held','',1,0,1,'',NULL,'2018-08-20 14:47:14'),(372,'Các nhà bác học sinh học','',3,'Lịch sử văn hóa',0,0,0,0,0,'Song Mai','',1,0,1,'',NULL,'2018-08-20 14:48:17'),(373,'Các vị Tư Nghiệp & Tế Tửu Văn Miếu - Quốc Tử Giám Hà Nội','',3,'Lịch sử văn hóa',0,0,0,0,0,'Nhiều tác giả','',1,0,1,'',NULL,'2018-08-20 14:48:58'),(374,'Cần Vương Lê Duy Mật kháng Trịnh','',3,'Lịch sử văn hóa',0,0,0,0,0,'Phan Trần chúc','',1,0,1,'',NULL,'2018-08-20 14:49:29'),(375,'Chính Trị Luận','',3,'Lịch sử văn hóa',0,1,0,0,0,'Aristotle','',1,0,1,'',NULL,'2018-08-20 14:49:58'),(376,'Chuyện kể chốn hậu cung','',3,'Lịch sử văn hóa',0,0,0,0,0,'Lê Thái Dũng','',1,0,1,'',NULL,'2018-08-20 14:50:17'),(377,'Di tích lịch sử văn hóa về hai triều Đinh - Tiền Lê ở Ninh Bình','',3,'Lịch sử văn hóa',0,0,0,0,0,NULL,NULL,1,0,1,NULL,NULL,NULL),(378,'Du lịch Trung Quốc','',3,'Lịch sử văn hóa',0,0,0,0,0,'Minh Châu- Thế Anh','',1,0,1,'',NULL,'2018-08-20 14:53:55'),(379,'Đại Việt thắng Nguyên Mông','',3,'Lịch sử văn hóa',0,0,0,0,0,'Hiệp Võ','',2,0,2,'',NULL,'2018-08-20 15:08:20'),(380,'Đạo đức Bác Hồ - Tấm gương soi cho muôn đời','',3,'Lịch sử văn hóa',0,0,0,0,0,'Trần Viết Hoàn','',1,0,1,'',NULL,'2018-08-20 15:09:54'),(381,'Đằng sau Dinh Độc Lập','',3,'Lịch sử văn hóa',0,0,0,0,0,'Nguyễn Duy Xi','',1,0,1,'',NULL,'2018-08-20 15:10:27'),(382,'Điện Biên Phủ điểm hẹn lịch sử','',3,'Lịch sử văn hóa',0,0,0,0,0,'ĐT Võ Nguyên Giáp','',1,0,1,'',NULL,'2018-08-20 15:09:21'),(383,'Gia Cát Khổng Minh bàn về phong thủy','',3,'Lịch sử văn hóa',0,0,0,0,0,'Thạch Sơn Thủy','',1,0,1,'',NULL,'2018-08-20 14:54:51'),(384,'Hà Nội những vấn đề ngôn ngữ văn hóa','',3,'Lịch sử văn hóa',0,0,0,0,0,'Hội ngôn ngữ học Hà Nội','',1,0,1,'',NULL,'2018-08-20 14:55:29'),(385,'Hà Nội rong ruổi quẩn quanh','',3,'Lịch sử văn hóa',0,0,0,0,0,'Băng Sơn','',1,0,1,'',NULL,'2018-08-20 14:56:32'),(386,'Hoa tay Hà Nội rồng bay','',3,'Lịch sử văn hóa',0,0,0,0,0,'Nguyễn Thọ Sơn','',1,0,1,'',NULL,'2018-08-20 14:58:13'),(387,'Hoạn quan Trung Hoa (tập 5+6+7)','',3,'Lịch sử văn hóa',0,0,0,0,0,'Nhiều tác giả','',3,0,3,'',NULL,'2018-08-20 14:58:45'),(388,'Hoàng Lê Nhất Thống Chí','',3,'Lịch sử văn hóa',0,0,0,0,0,'Ngô Gia Văn Phái','',1,0,1,'',NULL,'2018-08-20 14:59:07'),(389,'Hồ Quý Ly','',3,'Lịch sử văn hóa',0,0,0,0,0,'Nguyễn Xuân Khánh','',1,0,1,'',NULL,'2018-08-20 14:57:26'),(390,'Hùm Xám đường số 4','',3,'Lịch sử văn hóa',0,0,0,0,0,'Nguyễn Thế Nghiệp','',1,0,1,'',NULL,'2018-08-20 14:59:49'),(391,'Kỳ tích văn minh thế giới','',3,'Lịch sử văn hóa',0,0,0,0,0,'Nguyễn Văn Huân','',1,0,1,'',NULL,'2018-08-20 15:02:13'),(392,'Khổng Tử','',3,'Lịch sử văn hóa',0,0,0,0,0,'Lý Tường Hải','',1,0,1,'',NULL,'2018-08-20 15:00:31'),(393,'Lã thị Xuân Thu','',3,'Lịch sử văn hóa',0,0,0,0,0,NULL,NULL,1,0,1,NULL,NULL,NULL),(394,'Lê Bá Thự 25 năm dịch và viết (tập 1+2)','',3,'Lịch sử văn hóa',0,0,0,0,0,NULL,NULL,2,0,2,NULL,NULL,NULL),(395,'Lịch sử Liên Xô trên Anh','',3,'Lịch sử văn hóa',0,0,0,0,0,'Côn-xtan-tin Ta-ra-nốp-xki','',1,0,1,'',NULL,'2018-08-20 15:03:43'),(396,'Lịch sử nội chiến ở Việt Nam từ 1771 đến 1802','',3,'Lịch sử văn hóa',0,0,0,0,0,'Tạ Chí Đại Trường','',1,0,1,'',NULL,'2018-08-23 02:43:25'),(397,'Ngàn năm áo mũ','uploads/book/book_14_1524970161080.jpg',3,'Lịch sử văn hóa',0,0,0,0,0,'','',1,0,1,'',NULL,'2018-04-29 02:49:26'),(398,'Nguồn gốc người Việt - người Mường','',3,'Lịch sử văn hóa',0,0,0,0,0,NULL,NULL,1,0,1,NULL,NULL,NULL),(399,'Nhà hóa học Me-Ri-Qui-Ri','',3,'Lịch sử văn hóa',0,0,0,0,0,'Song Mai','',1,0,1,'',NULL,'2018-08-23 02:46:46'),(400,'Nhà phát minh Ê-Đi-Xơn','',3,'Lịch sử văn hóa',0,0,0,0,0,'Song Mai','',1,0,1,'',NULL,'2018-08-23 02:48:44'),(401,'Ôn Gia Bảo-Nhà quản lý tài ba','',3,'Lịch sử văn hóa',0,0,0,0,0,'Mã Linh- Lý Minh','',1,0,1,'',NULL,'2018-08-23 15:06:50'),(402,'Nhân vật số một- Vladimir Putin','',3,'Lịch sử văn hóa',0,0,0,0,0,'Nhiều tác giả','',1,0,1,'',NULL,'2018-08-23 02:48:07'),(403,'Nhật Bản ngày nay','',3,'Lịch sử văn hóa',0,0,0,0,0,NULL,NULL,1,0,1,NULL,NULL,NULL),(404,'Những câu chuyện cảm động về cuộc đời của các tướng lĩnh Trung Quốc','',3,'Lịch sử văn hóa',0,0,0,0,0,'Nguyễn Đình Nhữ - Ngô Ngọc Chuyên','',1,0,1,'',NULL,'2018-08-20 16:36:05'),(405,'Những danh tướng chông ngoại xâm thời Trần','',3,'Lịch sử văn hóa',0,0,0,0,0,'Quốc Chấn','',1,0,1,'',NULL,'2018-08-20 16:36:36'),(406,'Những điều nên biết về phong tục Việt Nam','',3,'Lịch sử văn hóa',0,0,0,0,0,'Bảo Thắng','',1,0,1,'',NULL,'2018-08-20 16:46:37'),(407,'Những người đi tìm Lửa','',3,'Lịch sử văn hóa',0,1,0,0,0,'Nhiều tác giả','',1,0,0,'',NULL,'2018-08-20 16:36:56'),(408,'Những trào lưu lớn của nghệ thuật tạo hình hiện đại','',3,'Lịch sử văn hóa',0,0,0,0,0,'Lê Năng An','',1,0,1,'',NULL,'2018-08-20 16:46:07'),(409,'Phan Đình Phùng','',3,'Lịch sử văn hóa',0,0,0,0,0,'Đào Trinh Nhất','',1,0,1,'',NULL,'2018-08-20 16:47:04'),(410,'Phụ nữ : Dấu ấn thời gian và những gương mặt nổi tiếng','',3,'Lịch sử văn hóa',0,0,0,0,0,NULL,NULL,1,0,1,NULL,NULL,NULL),(411,'Quang Trung','',3,'Lịch sử văn hóa',0,0,0,0,0,'Hoa Bằng','',1,0,1,'',NULL,'2018-08-20 16:44:42'),(412,'Sổ tay Du Lịch Thế Giới','',3,'Lịch sử văn hóa',0,0,0,0,0,NULL,NULL,1,0,1,NULL,NULL,NULL),(413,'Sổ tay kiến thức Lịch Sử ( phần lịch sử thế giới )','',3,'Lịch sử văn hóa',0,1,0,0,0,'Phan Ngọc Liên','',1,0,0,'',NULL,'2018-08-20 16:37:22'),(414,'Tìm lại con đường tơ lụa trên Biển Đông','',3,'Lịch sử văn hóa',0,0,0,0,0,'Nguyễn Huy Minh','',1,0,1,'',NULL,'2018-08-20 16:33:54'),(415,'Tinh hoa Hà Nội','',3,'Lịch sử văn hóa',0,0,0,0,0,'Mai Thục','',1,0,1,'',NULL,'2018-08-20 16:34:22'),(416,'Tôi tự hào là người Việt Nam','',3,'Lịch sử văn hóa',0,0,0,0,0,'Nguyễn Mạnh Hùng','',1,0,1,'',NULL,'2018-08-20 16:48:45'),(417,'Tôn vinh những người con làm rạng danh trong các dòng họ nổi tiếng Việt Nam','',3,'Lịch sử văn hóa',0,0,0,0,0,NULL,NULL,1,0,1,NULL,NULL,NULL),(418,'Tuổi trẻ Các Mác','',3,'Lịch sử văn hóa',0,0,0,0,0,'Elena Ilynna','',1,0,1,'',NULL,'2018-08-20 15:05:01'),(419,'Thăng Long - Hà Nội Ngàn năm Văn Hiến','',3,'Lịch sử văn hóa',0,0,0,0,0,NULL,NULL,1,0,1,NULL,NULL,NULL),(420,'Thi pháp hiện đại','',1,'Văn học Việt Nam',0,0,0,0,0,'đỗ đức hiểu','',1,0,1,'',NULL,'2018-08-21 15:46:52'),(421,'Thiên cơ Trung Quốc','',3,'Lịch sử văn hóa',0,0,0,0,0,'Vương Mông','',1,0,1,'',NULL,'2018-08-20 15:14:31'),(422,'Thiền đốn ngộ','',3,'Lịch sử văn hóa',0,0,0,0,0,'Cư sĩ Nguyên Giác','',1,0,1,'',NULL,'2018-08-20 16:32:47'),(423,'Thông điệp Shangri-la','',3,'Lịch sử văn hóa',0,0,0,0,0,NULL,NULL,1,0,1,NULL,NULL,NULL),(424,'Thờ cúng tổ tiên người Việt','',3,'Lịch sử văn hóa',0,0,0,0,0,'Võ Phương Lan','',1,0,1,'',NULL,'2018-08-20 16:32:25'),(425,'Thời sôi động','',3,'Lịch sử văn hóa',0,0,0,0,0,'Đại tướng Chu Huy Mân','',1,0,1,'',NULL,'2018-08-20 16:37:47'),(426,'Trang tử Nam Hoa Kinh','',3,'Lịch sử văn hóa',0,0,0,0,0,'Trang Tử','',1,0,1,'',NULL,'2018-08-20 15:07:20'),(427,'Văn Miếu Quốc Tử Giám','',3,'Lịch sử văn hóa',0,0,0,0,0,'TTVHKH Văn Miếu QTG','',1,0,1,'',NULL,'2018-08-20 15:06:15'),(428,'Võ Nguyên Giáp hay cuộc chiến tranh nhân dân','',3,'Lịch sử văn hóa',0,0,0,0,0,'Gérard Le Quang','',1,0,1,'',NULL,'2018-08-20 15:08:37'),(429,'Xuân bao nhiêu tuổi','',3,'Lịch sử văn hóa',0,0,0,0,0,'Phan Quang','',1,0,1,'',NULL,'2018-08-20 15:07:50'),(430,'10 bí quyết thành công  ','',4,'Kỹ năng',0,0,-1,2,0,NULL,NULL,1,0,1,NULL,NULL,'2018-04-30 16:53:40'),(431,'10 điều kiêng kị trong kinh doanh','',4,'Kỹ năng',0,0,0,1,0,'','',0,0,0,'',NULL,'2018-09-17 15:17:48'),(432,'10 phút tự học tiếng anh mỗi ngày','',4,'Kỹ năng',0,0,0,2,0,'Nguyễn Thị Thu Huế','',1,0,1,'',NULL,'2018-08-16 15:07:25'),(433,'100 việc nên làm trước tuổi 20','uploads/book/book_17_1534431398387.jpg',4,'Kỹ năng',0,0,0,1,0,'2.1/2 bạn tốt','',1,0,1,'',NULL,'2018-08-16 14:56:40'),(434,'101 mẫu sơ yếu lý lịch tốt nhất cho người đi xin việc','',4,'Kỹ năng',0,0,0,2,0,'Như Hà - Việt Anh','',1,0,1,'',NULL,'2018-08-17 06:19:04'),(435,'101 thủ thuật cao cấp với Linux','',4,'Kỹ năng',0,0,0,1,0,'Ks.Trung Kiên - Công Bình','',1,0,1,'',NULL,'2018-08-17 06:20:50'),(436,'101+ ý tưởng khởi nghiệp','',4,'Kỹ năng',0,0,0,0,0,'Alpha books biên soạn','',1,0,1,'',NULL,'2018-08-16 14:17:48'),(437,'11 lời khuyên dành cho thế hệ trẻ của Billgates','',4,'Kỹ năng',0,0,0,0,0,NULL,NULL,1,0,1,NULL,NULL,NULL),(438,'20 cách trở thành người phụ nữ giàu có','uploads/book/book_17_1534488101824.jpg',4,'Kỹ năng',1,0,0,0,0,'2.1/2 bạn tốt','',1,0,1,'',NULL,'2018-08-17 06:41:50'),(439,'20 tuổi trở thành người biết nói giỏi làm','',4,'Kỹ năng',0,0,0,0,0,'Alphabooks biên soạn','',1,0,1,'',NULL,'2018-08-16 13:45:45'),(440,'301 câu đàm thoại tiếng hoa','uploads/book/book_17_1534488451889.jpg',4,'Kỹ năng',0,1,0,0,0,'Học viện ngôn ngữ Bắc Kinh','',1,0,1,'',NULL,'2018-08-17 06:47:34'),(441,'37 tình huống, quản lý nhân sự điển hình trong doanh nghiệp','',4,'Kỹ năng',0,0,0,0,0,'Lê Anh Cường - Nguyễn Kim Chi (biên soạn)','',1,0,1,'',NULL,'2018-08-16 14:48:08'),(442,'40 bài trắc nghiệm chỉ số IQ','',4,'Kỹ năng',0,0,0,0,0,NULL,NULL,1,0,1,NULL,NULL,NULL),(443,'5 ngôn ngữ tình yêu','',4,'Kỹ năng',0,0,0,0,0,NULL,NULL,1,0,1,NULL,NULL,NULL),(444,'50 Điều trường học không dạy bạn','',4,'Kỹ năng',0,0,0,0,0,NULL,NULL,1,0,1,NULL,NULL,NULL),(445,'64 cách nên làm trong cuộc đời','',4,'Kỹ năng',0,0,0,0,0,NULL,NULL,1,0,1,NULL,NULL,NULL),(446,'7 thói quen của bạn trẻ thành đạt','uploads/book/book_17_1534488244028.jpg',4,'Kỹ năng',0,2,0,0,0,'Sean Covey','',3,0,2,'',NULL,'2018-08-17 06:44:05'),(447,'7 thói quen thành đạt','',4,'Kỹ năng',0,0,0,0,0,'','',0,0,0,'',NULL,'2018-08-17 06:44:42'),(448,'8 nguyên tắt hẹn hò con gái tôi','',4,'Kỹ năng',0,0,0,0,0,'','',0,0,0,'',NULL,'2018-09-17 15:19:10'),(449,'8 tố chất trí tuệ, gia đình cuộc đời người phụ nữ','',4,'Kỹ năng',0,0,0,0,0,'','',0,0,0,'',NULL,'2018-09-17 15:19:00'),(450,'Ai che lưng cho bạn','',4,'Kỹ năng',0,0,0,0,0,'Keithferrazzi','',1,0,1,'',NULL,'2018-08-16 14:59:03'),(451,'Ai lấy miếng pho mát của tôi','uploads/book/book_17_1534488762265.jpg',4,'Kỹ năng',0,0,0,0,0,'','',1,0,1,'',NULL,'2018-08-17 06:52:46'),(452,'Ánh lửa tình bạn','',4,'Kỹ năng',0,0,0,0,0,'','',0,0,0,'',NULL,'2018-08-16 13:52:36'),(453,'Bài học cuộc sống','',4,'Kỹ năng',0,0,0,0,0,'Brian E. Bartes','',1,0,1,'',NULL,'2018-08-16 14:57:02'),(454,'Bạn biết gì về điều bạn chưa từng biết - Tập 1','',4,'Kỹ năng',0,0,0,0,0,'Trần Trung Kiên','',2,0,2,'',NULL,'2018-08-16 14:52:35'),(455,'Bản công việc hoàn hảo','',4,'Kỹ năng',0,0,0,0,0,'','',0,0,0,'',NULL,'2018-08-17 06:47:56'),(456,'Bản lĩnh Kim Ngưu','',4,'Kỹ năng',0,0,0,0,0,'Asbook (biên soạn)','',1,0,1,'',NULL,'2018-08-16 14:50:56'),(457,'Bí ẩn các loại chim thú','',4,'Kỹ năng',0,0,0,0,0,'Kim Ba','',1,0,1,'',NULL,'2018-08-16 14:09:07'),(458,'Bí mật của niềm hạnh phúc','',4,'Kỹ năng',0,0,0,0,0,'Tri thức Việt','',1,0,1,'',NULL,'2018-08-16 14:59:51'),(459,'Bí mật của những đại gia sinh viên','',4,'Kỹ năng',0,0,0,0,0,'Diễn giả Đào Đức Dũng','',1,0,1,'',NULL,'2018-08-17 06:26:28'),(460,'Bí quyết của người chiến thắng','',4,'Kỹ năng',0,0,0,0,0,'','',0,0,0,'',NULL,'2018-08-17 06:54:30'),(461,'Business letters','',4,'Kỹ năng',0,0,0,0,0,NULL,NULL,1,0,1,NULL,NULL,NULL),(462,'Các nhà bác học','',4,'Kỹ năng',0,0,0,0,0,NULL,NULL,1,0,1,NULL,NULL,NULL),(463,'Cách sống từ bình thường trở nên phi thường','',4,'Kỹ năng',0,1,0,0,0,'','',1,0,1,'',NULL,'2018-05-22 13:52:05'),(464,'Cách sử dụng động từ trong tiếng anh','',4,'Kỹ năng',0,0,0,0,0,'For Beginning','',1,0,1,'',NULL,'2018-08-16 14:15:21'),(465,'Cách ứng xử sắp xếp cuộc sống và quản lý, kinh tế gia đình','',4,'Kỹ năng',0,1,0,0,0,'Lý Hồng Đào','',1,0,0,'',NULL,'2018-08-16 14:43:31'),(466,'Cái dũng của thánh nhân','',4,'Kỹ năng',0,0,0,0,0,'Thu Giang Nguyễn Duy Cần','',1,0,1,'',NULL,'2018-08-16 14:43:49'),(467,'Cẩm nang bỏ túi','',4,'Kỹ năng',0,0,0,0,0,NULL,NULL,1,0,1,NULL,NULL,NULL),(468,'Cẩm nang du lịch Hàn Quốc','',4,'Kỹ năng',0,0,0,0,0,'','',1,0,1,'',NULL,'2018-08-17 06:27:41'),(469,'Có hẹn với paris','',4,'Kỹ năng',0,0,0,0,0,'Amanda Huỳnh','',1,0,1,'',NULL,'2018-08-19 07:50:05'),(470,'Cuộc sống kì diệu của muôn loài','',4,'Kỹ năng',0,0,0,0,0,NULL,NULL,1,0,1,NULL,NULL,NULL),(471,'Chất độc trong thực phẩm','',4,'Kỹ năng',0,0,0,0,0,'Wolfdietrich Eichler','',1,0,1,'',NULL,'2018-08-16 14:59:36'),(472,'Chỉ một con đường','',4,'Kỹ năng',0,0,0,0,0,'Cha - kyung Koo','',1,0,1,'',NULL,'2018-08-17 06:23:27'),(473,'Chiếc Lexus và cây Ôliu','uploads/book/book_17_1534488946632.jpg',4,'Kỹ năng',1,0,0,0,0,'Thomas L. Friedman','',1,0,1,'',NULL,'2018-08-17 06:55:49'),(474,'Chiến thắng trò chơi cuộc sống','uploads/book/book_17_1534487619832.jpg',4,'Kỹ năng',0,0,0,0,0,'Adam Khoo','',1,0,1,'',NULL,'2018-08-17 06:33:41'),(475,'Chiêu bài quản lý vàng của Billgates','',4,'Kỹ năng',0,0,0,0,0,'Thương Mỗ','',1,0,1,'',NULL,'2018-08-17 06:13:42'),(476,'Cho những trái tim rộng mở ','',4,'Kỹ năng',0,0,0,0,0,NULL,NULL,1,0,1,NULL,NULL,NULL),(477,'Chọn nghề theo tính cách','uploads/book/book_17_1534432903172.jpg',4,'Kỹ năng',0,0,0,0,0,'Alpha books biên soạn','',3,0,3,'',NULL,'2018-08-16 15:21:44'),(478,'Chuẩn mực giao tiếp thời hội nhập','',4,'Kỹ năng',0,0,0,0,0,'Viện nghiên cứu và đào tạo về quản lý','',1,0,1,'',NULL,'2018-08-17 06:14:00'),(479,'Chuyện con ốc sên muốn biết tạo sao nó chậm chạp','',4,'Kỹ năng',0,0,0,0,0,'','',0,0,0,'',NULL,'2018-08-17 06:56:12'),(480,'Dám thất bại','',4,'Kỹ năng',0,0,0,0,0,'Billip.S.Lim','',1,0,1,'',NULL,'2018-08-16 14:28:24'),(481,'Dare to win','',4,'Kỹ năng',0,0,0,0,0,'','',0,0,0,'',NULL,'2018-08-17 06:56:41'),(482,'David và Goliath','',4,'Kỹ năng',0,0,0,0,0,'','',0,0,0,'',NULL,'2018-08-17 06:56:26'),(483,'Dạy con làm giàu tâp 1','',4,'Kỹ năng',0,0,0,0,0,'Rich Dad\'s','',4,0,4,'',NULL,'2018-08-16 14:24:56'),(484,'Dạy con làm giàu tâp 9','',4,'Kỹ năng',0,0,0,0,0,NULL,NULL,1,0,1,NULL,NULL,NULL),(485,'Doanh nhân Việt Nam nụ cười và nước mắt','',4,'Kỹ năng',0,0,0,0,0,'','',0,0,0,'',NULL,'2018-09-17 15:20:26'),(486,'Dữ liệu lớn','',4,'Kỹ năng',0,0,0,0,0,NULL,NULL,2,0,2,NULL,NULL,NULL),(487,'Đại số vui','',4,'Kỹ năng',0,0,0,0,0,'Y.Pérelman','',1,0,1,'',NULL,'2018-08-16 14:08:37'),(488,'Đàn ông sao hỏa, đàn bà sao kim trong tình yêu','',4,'Kỹ năng',0,1,0,0,0,'Tiến sĩ JOHN GRAY','',1,0,0,'',NULL,'2018-08-16 14:33:28'),(489,'Đắc nhân tâm','uploads/book/book_17_1534430950455.jpg',4,'Kỹ năng',0,0,0,1,0,'Dale Carnegie','',1,0,1,'',NULL,'2018-08-16 14:49:20'),(490,'Để có một tâm hồn đẹp','',4,'Kỹ năng',0,0,0,0,0,'Edward de Bono','',1,0,1,'',NULL,'2018-08-16 14:21:34'),(491,'Để làm nên sự nghiệp','',4,'Kỹ năng',0,0,0,0,0,'H.N.Casson','',1,0,1,'',NULL,'2018-08-16 14:17:05'),(492,'Định vị cuộc chiến giành tâm trí khách hàng ','',4,'Kỹ năng',0,0,0,0,0,NULL,NULL,1,0,1,NULL,NULL,NULL),(493,'Đổi mới tâm hồn','',4,'Kỹ năng',0,0,0,0,0,'Quang Ngọc','',1,0,1,'',NULL,'2018-08-16 14:27:52'),(494,'Đột phá bản thân','',4,'Kỹ năng',0,0,0,0,0,'John King','',1,0,1,'',NULL,'2018-08-16 14:18:46'),(495,'Đời thay đổi khi chúng ta thay đổi','',4,'Kỹ năng',0,1,0,0,0,'Andrew Matthews','',3,0,3,'',NULL,'2018-08-17 06:18:28'),(496,'Đúng việc','uploads/book/book_17_1534487809926.jpg',4,'Kỹ năng',1,0,0,0,0,'Giản Tư Trung','',1,0,1,'',NULL,'2018-08-17 06:36:54'),(497,'Đừng bao giờ từ bỏ khát vọng','',4,'Kỹ năng',0,0,0,0,0,NULL,NULL,1,0,1,NULL,NULL,NULL),(498,'Đừng bao giờ từ bỏ ước mơ','',4,'Kỹ năng',0,1,0,0,0,NULL,NULL,2,0,2,NULL,NULL,'2018-04-24 15:24:52'),(499,'English grammar in USE','',4,'Kỹ năng',0,0,0,0,0,NULL,NULL,2,0,2,NULL,NULL,NULL),(500,'Hạnh phúc không khó tìm tập 2','',4,'Kỹ năng',0,1,0,0,0,'','',0,0,0,'',NULL,'2018-09-17 15:20:41'),(501,'Hạnh phúc ở quanh ta','',4,'Kỹ năng',0,1,0,0,0,NULL,NULL,1,0,0,NULL,NULL,'2018-05-22 14:09:18'),(502,'Hạnh phúc tại tâm','',4,'Kỹ năng',0,0,0,0,0,'Osho','',1,0,1,'',NULL,'2018-08-16 14:33:10'),(503,'Hành trang tri thức thế kỉ XXI - Tập 1+2','',4,'Kỹ năng',0,0,0,0,0,NULL,NULL,1,0,1,NULL,NULL,NULL),(504,'Hạt giống tâm hồn ','',4,'Kỹ năng',0,0,0,0,0,NULL,NULL,2,0,2,NULL,NULL,NULL),(505,'Hạt giống tâm hồn và ý nghĩa cuộc sống -Tập 5','',4,'Kỹ năng',0,0,0,0,0,NULL,NULL,2,0,2,NULL,NULL,NULL),(506,'Hạt giống tâm hồn: Nguồn sáng tình yêu','',4,'Kỹ năng',0,1,0,0,0,NULL,NULL,1,0,1,NULL,NULL,'2018-04-24 15:16:27'),(507,'Hãy can đảm và tốt bụng','',4,'Kỹ năng',0,0,0,0,0,'','',0,0,0,'',NULL,'2018-08-17 06:57:12'),(508,'Hiện tượng ngoại cảm ','',4,'Kỹ năng',0,0,0,0,0,NULL,NULL,1,0,1,NULL,NULL,NULL),(509,'Họ làm việc như thế nào?','',4,'Kỹ năng',0,0,0,0,0,'Tạp chí Fortune','',1,0,1,'',NULL,'2018-08-16 15:03:44'),(510,'Học tập cũng cần chiến lược','uploads/book/book_17_1534433091569.jpg',4,'Kỹ năng',0,0,0,0,0,'Joe Landsberger','',1,0,1,'',NULL,'2018-08-16 15:24:53'),(511,'Học tập từ những vấp ngã từng bước thành công','',4,'Kỹ năng',0,0,0,0,0,'','',0,0,0,'',NULL,'2018-08-17 06:57:23'),(512,'Hỏi đáp lý thú đường lên đỉnh Olympia','',4,'Kỹ năng',0,0,0,0,0,'Trần Bình (biên soạn)','',1,0,1,'',NULL,'2018-08-17 06:21:03'),(513,'How to enjou your life an fab','',4,'Kỹ năng',0,0,0,0,0,'','',0,0,0,'',NULL,'2018-08-17 06:57:34'),(514,'Hun Sen nhân vật xuất chúng của Campuchia','',4,'Kỹ năng',0,0,0,0,0,'Harish C. Mehta Julie B. Mehta','',1,0,1,'',NULL,'2018-08-16 15:04:02'),(515,'Kỹ năng sống và làm việc','',4,'Kỹ năng',0,1,0,0,0,NULL,NULL,1,0,0,NULL,NULL,'2018-04-25 16:49:44'),(516,'Kỹ xảo trở thành cao thủ bán hàng','',4,'Kỹ năng',0,0,0,0,0,'Viện nghiên cứu và đào tạo về quản lý','',1,0,1,'',NULL,'2018-08-17 06:20:35'),(517,'Khàm phá bản thân qua trăc nghệm','',4,'Kỹ năng',0,0,0,0,0,NULL,NULL,1,0,1,NULL,NULL,NULL),(518,'Khám phá thế  giới kỳ thú','',4,'Kỹ năng',0,0,0,0,0,'Đỗ Huyền (biên tập)','',1,0,1,'',NULL,'2018-08-16 14:30:39'),(519,'Khi bạn chỉ có một mình tập 16','',4,'Kỹ năng',0,1,0,0,0,'Nhiều tác giả','',1,0,0,'',NULL,'2018-08-16 14:24:22'),(520,'Khỏi hành: Lời khuyên sinh viên Việt Nam','',4,'Kỹ năng',0,0,0,0,0,'Giáo sư John Vu','',1,0,1,'',NULL,'2018-08-16 15:03:12'),(521,'Không chùn bước','',4,'Kỹ năng',0,0,0,0,0,'Joseph M. Marshall III','',1,0,1,'',NULL,'2018-08-16 14:32:54'),(522,'Không hơn một xu, không kém một xu','',4,'Kỹ năng',0,0,0,0,0,'Jeffrey Archer','',1,0,1,'',NULL,'2018-08-16 14:20:56'),(523,'Làm chủ tư duy - thay đổi vận mệnh','uploads/book/book_17_1534487683802.jpg',4,'Kỹ năng',0,0,0,0,0,'Adam Khoo','',1,0,1,'',NULL,'2018-08-17 06:34:45'),(524,'Làm chủ vận mênh','',4,'Kỹ năng',0,0,0,0,0,'Thích Minh Quang (biên dịch)','',1,0,1,'',NULL,'2018-08-16 14:20:22'),(525,'Lập trình mạng trên windows','',4,'Kỹ năng',0,0,0,0,0,'Võ Đức Khánh','',1,0,1,'',NULL,'2018-08-16 14:58:17'),(526,'Lời hay ý đẹp','',4,'Kỹ năng',0,0,0,0,0,'','',1,0,1,'',NULL,'2018-04-29 03:24:52'),(527,'Món quà của sự không hoàn hảo','',4,'Kỹ năng',0,0,0,0,0,'Brené Brown, Ph.D., L.M.S.W','',1,0,1,'',NULL,'2018-08-16 14:57:18'),(528,'Một nửa của 13 là 8','',4,'Kỹ năng',0,1,0,0,0,'Jack Foster','',1,0,1,'',NULL,'2018-08-16 14:23:47'),(529,'Một phút trơ thành tỷ phú kinh doanh trong thời đại mới','',4,'Kỹ năng',0,0,0,0,0,'','',0,0,0,'',NULL,'2018-08-17 06:58:04'),(530,'Một số giải pháp tạo vốn trong kinh doanh','',4,'Kỹ năng',0,0,0,0,0,'Ts.Trần Xuân Kiên','',1,0,1,'',NULL,'2018-08-16 14:25:18'),(531,'Mưu lược trong điều hành quản lý','',4,'Kỹ năng',0,0,0,0,0,NULL,NULL,1,0,1,NULL,NULL,NULL),(532,'Mưu lược trong kinh doanh','',4,'Kỹ năng',0,0,0,0,0,NULL,NULL,1,0,1,NULL,NULL,NULL),(533,'Nếu tôi biết được khi còn 20','',4,'Kỹ năng',0,2,0,0,0,'Tina Seelig','',0,0,-1,'',NULL,'2018-08-17 06:58:22'),(534,'Nói nhiều không bằng nói đúng','uploads/book/book_17_1534431318265.jpg',4,'Kỹ năng',0,0,0,0,0,'2.1/2 bạn tốt','',1,0,1,'',NULL,'2018-08-16 14:55:21'),(535,'Nghệ thuật làm quen bạn gái','',4,'Kỹ năng',0,0,0,0,0,NULL,NULL,1,0,1,NULL,NULL,NULL),(536,'Nghệ thuật quyến rũ','',4,'Kỹ năng',0,1,0,0,0,'Robert Greene','',1,0,0,'',NULL,'2018-08-16 14:57:49'),(537,'Nghệ thuật và cách thức trở thành người giàu có - Tập 2','',4,'Kỹ năng',0,0,0,0,0,'Nguyễn Đình Nhơn','',1,0,1,'',NULL,'2018-08-17 06:26:44'),(538,'Nghĩ lớn để thành công','uploads/book/book_17_1534430711988.jpg',4,'Kỹ năng',0,0,0,0,0,'Trump & Bill Zanker','',1,0,1,'',NULL,'2018-08-16 14:45:16'),(539,'Người bán hàng vĩ đại nhất Thế Giới ','',4,'Kỹ năng',0,0,0,0,0,NULL,NULL,1,0,1,NULL,NULL,NULL),(540,'Người giỏi không bởi học nhiều','',4,'Kỹ năng',0,0,0,0,0,NULL,NULL,1,0,1,NULL,NULL,NULL),(541,'Người giỏi không phải người làm tất cả','',4,'Kỹ năng',0,0,0,0,0,'','',0,0,0,'',NULL,'2018-08-17 06:58:44'),(542,'Người thành công là người làm đến cùng','',4,'Kỹ năng',0,0,0,0,0,'Nguyễn Khánh Toàn','',1,0,1,'',NULL,'2018-08-17 06:26:56'),(543,'Người thông minh không làm việc một mình','',4,'Kỹ năng',0,1,0,0,0,'Rodd Wagner & Gale Muller, Ph.D','',1,0,0,'',NULL,'2018-08-16 14:29:12'),(544,'Nhà giả kim','uploads/book/book_17_1534430500507.jpg',4,'Kỹ năng',0,1,0,0,0,'Paulo Coelho','',4,0,4,'',NULL,'2018-08-16 14:41:43'),(545,'Những bài học cuộc sống','',4,'Kỹ năng',0,0,0,0,0,'Hal Urban','',2,0,2,'',NULL,'2018-08-16 14:12:40'),(546,'Những bàn học từ những xe rác','',4,'Kỹ năng',0,0,0,0,0,'','',0,0,0,'',NULL,'2018-08-17 06:59:17'),(547,'Những bí ẩn trong cuộc đời','',4,'Kỹ năng',0,0,0,0,0,'Khánh Vân - Hai Hoàng','',1,0,1,'',NULL,'2018-08-16 14:44:05'),(548,'Những bí quyết làm chủ nổi tiếng','',4,'Kỹ năng',0,0,0,0,0,'','',0,0,0,'',NULL,'2018-08-17 06:59:29'),(549,'Những câu chuyện kinh thánh','',4,'Kỹ năng',0,0,0,0,0,NULL,NULL,1,0,1,NULL,NULL,NULL),(550,'Những khoảnh khắc diệu kì','',4,'Kỹ năng',0,0,0,0,0,'','',0,0,0,'',NULL,'2018-08-17 06:59:36'),(551,'Những mẩu chuyện về Lênin','',4,'Kỹ năng',0,0,0,0,0,NULL,NULL,1,0,1,NULL,NULL,NULL),(552,'Những nẻo đường Hà Nội','',4,'Kỹ năng',0,0,0,0,0,NULL,NULL,1,0,1,NULL,NULL,NULL),(553,'Phân tâm học và tôn giáo','',4,'Kỹ năng',0,0,0,0,0,'','',0,0,0,'',NULL,'2018-08-17 06:59:46'),(554,'Phất lờ tất cả và bỏ lơ đi cuộc sống','',4,'Kỹ năng',0,0,0,0,0,NULL,NULL,1,0,1,NULL,NULL,NULL),(555,'Phỏng vấn một anh hề','',4,'Kỹ năng',0,0,0,0,0,'Lê Thị Liên Hoan','',1,0,1,'',NULL,'2018-08-16 15:02:33'),(556,'Phỏng vấn tuyển dụng thật đơn gản','',4,'Kỹ năng',0,0,0,0,0,'','',0,0,0,'',NULL,'2018-08-17 06:59:52'),(557,'Phụ nữ tuổi 20','',4,'Kỹ năng',0,1,0,0,0,'','',0,0,-1,'',NULL,'2018-08-17 06:59:58'),(558,'Quà tặng cuộc sống','',4,'Kỹ năng',0,1,0,0,0,'Dr.bernie s . siegel','',2,0,2,'',NULL,'2018-08-16 13:48:02'),(559,'Quà tặng diệu kỳ','uploads/book/book_17_1534486581447.jpg',4,'Kỹ năng',0,0,0,0,0,'Spencer Johnson, M.D.','',1,0,1,'',NULL,'2018-08-17 06:16:23'),(560,'Quản trị khởi nghiệp ','',4,'Kỹ năng',0,0,0,0,0,NULL,NULL,1,0,1,NULL,NULL,NULL),(561,'Quẳng gánh lo đi và vui sống','uploads/book/book_17_1534432766448.jpg',4,'Kỹ năng',0,1,0,0,0,'Dale Carnegie','',3,0,3,'',NULL,'2018-08-16 15:19:28'),(562,'Quốc gia khởi nghiệp','',4,'Kỹ năng',0,2,0,0,0,'Dan Senor & Saul Singer','',2,0,1,'',NULL,'2018-08-16 14:23:11'),(563,'Romeo đi tìm công chúa','',4,'Kỹ năng',0,0,0,0,0,'Nguyễn Tiến Dũng - Lê Bích Phượng','',3,0,3,'',NULL,'2018-08-16 14:50:19'),(564,'Seven Jobs và những bí quyết thành công','',4,'Kỹ năng',0,0,0,0,0,'','',0,0,0,'',NULL,'2018-08-17 07:00:10'),(565,'Sức mạnh của hiện tại','',4,'Kỹ năng',0,0,0,0,0,NULL,NULL,1,0,1,NULL,NULL,NULL),(566,'Sức mạnh của lời cảm ơn','',4,'Kỹ năng',0,0,0,0,0,'Deborah Norville','',1,0,1,'',NULL,'2018-08-16 14:18:27'),(567,'Sức mạnh lòng kiên nhẫn','',4,'Kỹ năng',0,0,0,0,0,'M. J. Ryan','',1,0,1,'',NULL,'2018-08-16 14:13:27'),(568,'Tại sao điều xấu lại đến với người tốt','',4,'Kỹ năng',0,0,0,0,0,'Harold S. Kushner','',1,0,1,'',NULL,'2018-08-17 06:24:48'),(569,'Tập luyện những trò ảo thuật đơn giản','',4,'Kỹ năng',0,0,0,0,0,'Thanh Hoa (biên dịch)','',1,0,1,'',NULL,'2018-08-16 14:16:44'),(570,'Tiền và kiếm tiền thời hội nhập','',4,'Kỹ năng',0,0,0,0,0,'Nguyễn Bình Giang','',1,0,1,'',NULL,'2018-08-17 06:08:24'),(571,'Tiếng Hàn dành cho người mới bắt đầu học tâp 1','',4,'Kỹ năng',0,0,0,0,0,'Thanh Thuận - Mai Ngọc','',1,0,1,'',NULL,'2018-08-17 06:29:11'),(572,'Tìm hiểu thế giới màu xanh','',4,'Kỹ năng',0,0,0,0,0,'Trần Học - Vũ Văn Chuyên','',1,0,1,'',NULL,'2018-08-16 14:18:11'),(573,'Tony và Barry Buzan - The mind map book','',4,'Kỹ năng',0,0,0,0,0,NULL,NULL,1,0,1,NULL,NULL,NULL),(574,'Tôi là Jack Ma','uploads/book/book_17_1534489355020.jpg',4,'Kỹ năng',1,1,0,0,0,'Trần Vỹ','',1,0,0,'',NULL,'2018-08-17 07:02:38'),(575,'Tôi muốn biết cái gì','',4,'Kỹ năng',0,0,0,0,0,'Phạm Thiên Tứ (dịch)','',1,0,1,'',NULL,'2018-08-17 06:29:25'),(576,'Tôi tài giỏi, bạn cũng thế','uploads/book/book_17_1534432008523.jpg',4,'Kỹ năng',0,0,0,0,0,'Adam Khoo','',2,0,2,'',NULL,'2018-08-16 15:06:50'),(577,'Tôi tự học','uploads/book/book_17_1534430819893.jpg',4,'Kỹ năng',0,1,0,0,0,'Thu Giang Nguyễn Duy Cần','',1,0,1,'',NULL,'2018-08-16 14:47:03'),(578,'Tuổi trẻ của các thiên tài','',4,'Kỹ năng',0,1,0,0,0,'Đức Trinh (biên soạn)','',1,0,0,'',NULL,'2018-08-16 14:26:28'),(579,'Tuổi trẻ lạc lối là những cuối sách của tôi','',4,'Kỹ năng',0,0,0,0,0,NULL,NULL,1,0,1,NULL,NULL,NULL),(580,'Tư duy tối ưu','',4,'Kỹ năng',0,0,0,0,0,NULL,NULL,1,0,1,NULL,NULL,NULL),(581,'Từ tốt đến vĩ đại','',4,'Kỹ năng',0,0,0,0,0,'Jim Collins','',1,0,1,'',NULL,'2018-08-16 15:11:35'),(582,'Thăm dò tiềm thức','',4,'Kỹ năng',0,0,0,0,0,'Car Gustav Jung','',1,0,1,'',NULL,'2018-08-16 14:10:54'),(583,'The Search ','',4,'Kỹ năng',0,0,0,0,0,NULL,NULL,1,0,1,NULL,NULL,NULL),(584,'Thế giới khí tượng thủy văn - những điều lí thú','',4,'Kỹ năng',0,1,0,0,0,'','',0,0,-1,'',NULL,'2018-08-17 07:00:23'),(585,'Thế giới quả là rộng lớn và có rất nhiều việc phải làm','',4,'Kỹ năng',0,0,0,0,0,'Kim Woo Choong','',2,0,2,'',NULL,'2018-08-16 14:15:44'),(586,'Thuật thấu hiểu lòng người trong cuộc sống hiện tại','',4,'Kỹ năng',0,0,0,0,0,NULL,NULL,1,0,1,NULL,NULL,NULL),(587,'Thuyết trình thật đơn giản','uploads/book/book_17_1534489274562.jpg',4,'Kỹ năng',0,1,0,0,0,'Richard Har','',1,0,0,'',NULL,'2018-08-17 07:01:19'),(588,'Trắc nghiệm IQ - phát triển khả năng tư duy','',4,'Kỹ năng',0,0,0,0,0,'Minh Thi (Tổng hợp, biên soạn)','',1,0,1,'',NULL,'2018-08-16 14:14:53'),(589,'Trò ảo thuật dễ làm','',4,'Kỹ năng',0,0,0,0,0,'Trần Định','',1,0,1,'',NULL,'2018-08-16 14:03:14'),(590,'Văn hóa ứng xử, bí quyết trẻ lâu, sống mãi','',4,'Kỹ năng',0,0,0,0,0,'','',0,0,0,'',NULL,'2018-08-17 07:03:55'),(591,'Vũ trụ','',4,'Kỹ năng',0,0,0,0,0,'Carl Sagan','',1,0,1,'',NULL,'2018-08-16 14:29:48'),(592,'Vượt lên chính mình - Tập 2','',4,'Kỹ năng',0,0,0,0,0,'','',0,0,0,'',NULL,'2018-08-17 07:04:03'),(593,'Vượt lên số phận','',4,'Kỹ năng',0,0,0,0,0,NULL,NULL,1,0,1,NULL,NULL,NULL),(594,'Xây dựng để trường tồn','uploads/book/book_14_1524817984188.jpg',4,'Kỹ năng',1,0,0,0,0,'Jim Collins - Jerry I.Porras','',2,0,2,'',NULL,'2018-08-17 06:12:48'),(595,'Xây dựng nhà cho cánh bướm mùa thu','',4,'Kỹ năng',0,0,0,0,0,'','',0,0,0,'',NULL,'2018-08-17 07:04:18'),(596,'Xóa vết thương lòng','',4,'Kỹ năng',0,0,0,0,0,'Hoàng Mai (biên soạn)','',1,0,1,'',NULL,'2018-08-16 14:34:19'),(597,'You can heal your life','',4,'Kỹ năng',0,0,0,0,0,NULL,NULL,2,0,2,NULL,NULL,NULL),(598,'You can win','',4,'Kỹ năng',0,2,0,0,0,'Shiv Khera','',2,0,1,'',NULL,'2018-08-17 06:53:46'),(599,'Em sẽ đến cùng cơn mưa','uploads/book/book_14_1524971010630.jpg',2,'Văn học nước ngoài',1,1,0,1,0,'Ichikawa takuji','\"Cơn mưa miên man muốn xóa đi ngàn nỗi buồn, anh mãi suy tư muốn xóa đi bóng hình em người có hay.\" - Mưa và nỗi nhớ.\n\nCả câu chuyện như lời bài hát, là nỗi buồn của quá khứ, của Takkun, dường như hồi ức và những suy niệm hàng ngày của anh. Cuộc đời anh cứ trôi mãi, sống ở hiện tại và không ôm ấp gì trong tương lai. Trước khi mùa mưa quay trở lại, hai bố con Takkun và Yuji sống những ngày trôi qua trong nhạt nhòa, cuộc sống sinh hoạt hằng ngày vô vị và chứng bệnh kỳ lạ của Takkun. Yuji thi thoảng nghĩ cái chết của mẹ nó là do đó, khiến nó buồn, nó tủi, nó sợ bố nó buồn và nhìn bố nó bị bệnh nó sợ nó sẽ mất bố nó như cách mẹ nó bỏ bố con nó ra đi. Mùa mưa quay lại và câu nói ám ảnh của Miu liên tiếp hiện lên đầu Takku \"em sắp phải đi rồi, nhưng đến mùa mưa, em sẽ quay lại để xem hai bố con sống thế nào\". Và Miu đã quay lại trong mùa mưa - trong một ngày như truyện cổ tích, Miu không còn nhớ gì, như người khác. Cuộc sống gia đình như là mới bắt đầu từ những ngày mới yêu nhau, cuộc sống vợ chồng giản dị, tình cảm gia đình và và nỗi lo sợ cho sự xa cách mất mát. Câu chuyện không quá bi ai, buồn thảm mà cứ nhẹ nhàng cho độc giả rơi nước mắt - đúng với cái cách mà Miu lại ra đi mãi mãi. Nhưng sự có mặt của Miu trong mùa mưa không vô nghĩa đã khiến Takkun sống hướng về tương lai nhiều hơn: \"Em à bố con anh đang cố gắng từng chút một, từng chút một, như em mong muốn\".\n\nPhải chăng cả câu chuyện không phải là tình yêu đơn thuần, mà là cả những ý nghĩa ẩn hiện trong từng câu chữ: \"Con người ta điều quý giá nhất là gì? Không phải là tình yêu, mà là lòng can đảm tiếp tục sống vì tình yêu\".',1,0,0,'','2018-04-24 03:37:16','2018-05-22 13:52:35'),(600,'Tìm đường tuổi 20',NULL,4,'Kỹ năng',0,1,0,0,0,'','',0,0,-1,'','2018-04-24 03:50:54','2018-08-17 07:01:45'),(601,'Lịch sử Việt Nam',NULL,3,'Lịch sử văn hóa',0,2,0,0,0,'','',1,0,0,'','2018-04-24 04:18:01','2018-04-26 13:49:46'),(602,'Khi lỗi thuộc về những vì sao',NULL,4,'Kỹ năng',0,1,0,0,0,'','',1,0,0,'','2018-04-24 04:21:24','2018-04-24 04:21:53'),(603,'Thơ tình chọn lọc','uploads/book/book_6_1534312616768.jpg',1,'Văn học Việt Nam',0,2,0,0,0,'Nhiều tác giả','',1,0,-1,'','2018-04-24 04:28:24','2018-08-21 15:29:03'),(604,'Chú bé nhút nhát',NULL,2,'Văn học nước ngoài',0,1,0,0,0,'','',1,0,1,'','2018-04-24 08:32:33','2018-04-26 14:35:38'),(605,'Tìm lại cái tôi đã mất',NULL,2,'Văn học nước ngoài',0,2,0,0,0,'','',1,0,0,'','2018-04-24 08:51:21','2018-05-22 14:48:11'),(606,'Trên đường băng',NULL,4,'Kỹ năng',0,2,0,0,0,'Tony buổi sáng','',1,0,1,'','2018-04-24 08:52:48','2018-08-17 07:03:27'),(607,'Không đến một',NULL,4,'Kỹ năng',0,2,0,0,0,'Peter Thiel và Blake Masters','',1,0,1,'','2018-04-24 08:53:25','2018-08-16 14:01:26'),(608,'Thuyết sao cho phục',NULL,4,'Kỹ năng',0,1,0,0,0,'Tiến sĩ Susan M. Weinschenk','',1,0,0,'','2018-04-24 14:15:11','2018-08-17 06:12:33'),(609,'Ruồi trâu',NULL,2,'Văn học nước ngoài',0,1,0,0,0,'Eten Lilian Vôinitsơ','',1,0,0,'','2018-04-24 14:24:56','2018-08-19 07:48:26'),(610,'Totochan bên cửa sổ',NULL,2,'Văn học nước ngoài',0,2,0,0,0,'','',1,0,1,'','2018-04-24 14:39:58','2018-04-26 14:34:08'),(611,'600 truyện cười',NULL,1,'Văn học Việt Nam',0,1,0,0,0,'','',1,0,1,'','2018-04-24 14:50:24','2018-04-24 14:57:15'),(612,'Tuổi 20 - Sức hút từ kĩ năng giao tiếp','uploads/book/book_17_1534487543228.jpg',4,'Kỹ năng',0,1,0,0,0,'Kim Thục Lệ - Thủy Dương (dịch)','',1,0,0,'','2018-04-24 15:02:46','2018-08-17 06:32:26'),(613,'Kế hoạch hoàn hảo',NULL,4,'Kỹ năng',0,2,0,0,0,'','',1,0,1,'','2018-04-26 09:25:48','2018-04-26 10:36:59'),(614,'Hành trình về Phương Đông','uploads/book/book_14_1524972079791.jpg',4,'Kỹ năng',0,2,0,0,0,'','',1,0,0,'','2018-04-26 10:09:16','2018-04-29 03:21:27'),(615,'Ngay bây giờ hoặc không bao giờ',NULL,4,'Kỹ năng',0,1,0,0,0,'S. J.Scott','',1,0,1,'','2018-04-26 10:20:06','2018-08-16 14:13:06'),(616,'Chữa lành nỗi đau',NULL,4,'Kỹ năng',0,1,0,0,0,'','',0,0,-1,'','2018-04-26 13:42:39','2018-08-17 06:56:06'),(617,'Người đi bỏ mặc nhân gian',NULL,2,'Văn học nước ngoài',0,1,0,0,0,'','',1,0,1,'','2018-04-26 13:53:33','2018-04-26 13:56:33'),(618,'Bay trên tổ chim cúc cu',NULL,2,'Văn học nước ngoài',0,1,0,0,0,'Ken Kesey','',1,0,1,'','2018-04-26 13:57:20','2018-08-18 08:48:22'),(619,'Thiện ác smartphone',NULL,2,'Văn học nước ngoài',0,1,0,0,0,'','',1,0,1,'','2018-04-26 14:05:50','2018-04-26 14:06:29'),(620,'Tam quốc diễn nghĩa 1',NULL,2,'Văn học nước ngoài',0,2,0,0,0,'La Quán Trung','',1,0,0,'','2018-04-26 14:08:06','2018-08-19 07:37:40'),(621,'Đừng đợi đến khi tốt nghiệp đại học','uploads/book/book_17_1534487064868.jpg',4,'Kỹ năng',1,1,0,0,0,'Alpha books biên soạn','',2,0,2,'','2018-04-26 14:30:45','2018-08-17 06:25:14'),(622,'Búp sen xanh',NULL,1,'Văn học Việt Nam',0,1,0,0,0,'Sơn Tùng','',1,0,1,'','2018-04-26 14:36:28','2018-05-08 01:52:21'),(623,'Em phải đến Harvard học kinh tế','uploads/book/book_14_1524820268769.jpg',4,'Kỹ năng',1,0,0,0,0,'Lưu vệ hoa - trương Hân Vũ','',1,0,1,'','2018-04-27 05:47:23','2018-08-17 06:30:52'),(624,'Nghệ thuật làm việc cho ra kết quả của Toyota','uploads/book/book_14_1524818724025.jpg',4,'Kỹ năng',1,0,0,0,0,'Yoshihito Wakamatsu','',1,0,1,'','2018-04-27 05:56:52','2018-04-29 03:11:37'),(625,'Tớ muốn ăn tụy của cậu','uploads/book/book_14_1524820401435.jpg',2,'Văn học nước ngoài',1,1,0,0,0,'Sumino Yoru','',1,0,0,'','2018-04-27 05:59:45','2018-05-22 14:34:58'),(626,'Đen tuyền và đỏ rực',NULL,4,'Kỹ năng',0,1,0,0,0,'','',1,0,1,'','2018-04-27 06:03:05','2018-05-08 02:37:07'),(627,'Mình nói gì khi nói về hạnh phúc?','uploads/book/book_14_1524817803249.jpg',1,'Văn học Việt Nam',1,0,0,0,0,'Rosie Nguyễn','',1,0,1,'','2018-04-27 08:27:51','2018-08-21 15:24:01'),(628,'Tuổi thơ dữ dội','uploads/book/book_14_1524818388176.jpg',1,'Văn học Việt Nam',0,0,0,1,0,'Phùng Quán','',1,0,1,'','2018-04-27 08:40:03','2018-04-27 08:40:03'),(629,'Sức mạnh của tập trung','uploads/book/book_14_1524819448804.jpg',4,'Kỹ năng',1,0,0,0,0,'Jack Canfield - Mark Victor Hansen - Les hewitt','',1,0,1,'','2018-04-27 08:57:32','2018-04-29 03:11:58'),(630,'Bí mật của cảm hứng và say mê','uploads/book/book_14_1524819579495.jpg',4,'Kỹ năng',0,0,0,0,0,'Mette Norgaard','',1,0,1,'','2018-04-27 08:59:53','2018-04-27 08:59:53'),(631,'Phi lý trí','uploads/book/book_14_1524819892711.jpg',4,'Kỹ năng',1,0,0,0,0,'Dan Ariely','',1,0,1,'','2018-04-27 09:05:02','2018-04-29 03:30:30'),(632,'Óc sáng suốt','uploads/book/book_14_1524820162179.jpg',4,'Kỹ năng',1,0,0,0,0,'Nguyễn Duy Cần','',1,0,1,'','2018-04-27 09:09:31','2018-08-17 06:22:34'),(633,'Hồ sơ quyền lực Napoleon',NULL,3,'Lịch sử văn hóa',0,1,0,0,0,'Geoffrey Ellis','',1,0,0,'','2018-05-18 01:14:19','2018-08-23 02:50:14'),(634,'Bài học kì diệu từ chiếc xe rác','uploads/book/book_17_1534488545236.jpg',4,'Kỹ năng',1,1,0,0,0,'David J. Pollay','',1,0,0,'','2018-05-22 13:56:19','2018-08-17 06:49:27'),(635,'Gulivo du kí',NULL,2,'Văn học nước ngoài',0,1,0,0,0,'','',0,0,-1,'','2018-05-22 13:58:35','2018-08-19 07:53:40'),(636,'Triệu phú bất hạnh',NULL,2,'Văn học nước ngoài',0,1,0,0,0,'Harold Robbins','',1,0,0,'','2018-05-22 14:18:43','2018-08-19 07:56:02'),(637,'Quẳng gánh lo đi để vui sống',NULL,4,'Kỹ năng',0,1,0,0,0,'','',1,0,0,'','2018-05-22 14:20:09','2018-09-17 15:19:46'),(638,'Số ít được lựa chọn',NULL,4,'Kỹ năng',0,1,0,0,0,'','',1,0,0,'','2018-05-25 03:40:49','2018-05-25 03:41:23'),(639,'Thương nhớ thời bao cấp','uploads/book/book_6_1534309236707.jpg',1,'Văn học Việt Nam',0,0,0,0,0,'Thành Phong, Hữu Khoa','',1,0,1,'','2018-08-15 05:00:43','2018-08-15 05:00:43'),(640,'Viết cho người tôi yêu','uploads/book/book_6_1534309425085.jpg',1,'Văn học Việt Nam',0,0,0,0,0,'Lưu Quang Minh','',1,0,1,'','2018-08-15 05:03:47','2018-08-15 05:03:47'),(641,'Mê hồn ca','uploads/book/book_6_1534309682061.jpg',1,'Văn học Việt Nam',0,0,0,0,0,'Đinh Hùng','',1,0,1,'','2018-08-15 05:08:05','2018-08-15 05:08:05'),(642,'Lời thì thầm của con','uploads/book/book_6_1534309884919.jpg',1,'Văn học Việt Nam',0,0,0,0,0,'Nhiều tác giả','',1,0,1,'','2018-08-15 05:11:27','2018-08-15 05:11:27'),(643,'Dắt tôi về phía mặt trời','uploads/book/book_6_1534311122529.jpg',1,'Văn học Việt Nam',0,0,0,0,0,'Ploy-Mèo Mốc','',1,0,1,'','2018-08-15 05:32:07','2018-08-15 05:32:07'),(644,'Nhật ký Đặng Thùy Trâm','uploads/book/book_6_1534311440569.jpg',1,'Văn học Việt Nam',0,0,0,0,0,'','',1,0,1,'','2018-08-15 05:37:24','2018-08-15 05:37:24'),(645,'Hà Nội và tôi bút ký',NULL,1,'Văn học Việt Nam',0,0,0,0,0,'Phạm Thế Minh','',1,0,1,'','2018-08-15 05:39:25','2018-08-15 05:39:25'),(646,'Bánh bèo phiêu lưu ký','uploads/book/book_6_1534311651875.jpg',1,'Văn học Việt Nam',0,0,0,0,0,'Ploy','',1,0,1,'','2018-08-15 05:40:54','2018-08-15 05:40:54'),(647,'Xách ba lô lên và đi 1: Châu Á là nhà. Đừng khóc!','uploads/book/book_6_1534312064716.jpg',1,'Văn học Việt Nam',0,0,0,0,0,'Huyền Chip','',1,0,1,'','2018-08-15 05:47:47','2018-08-15 05:47:47'),(648,'Sẽ không còn ai cô độc nữa',NULL,1,'Văn học Việt Nam',0,0,0,0,0,'Nhiều tác giả','',1,0,1,'','2018-08-15 06:04:44','2018-08-15 06:04:44'),(649,'Cuộc dời thật hoàn hảo',NULL,4,'Kỹ năng',0,0,0,0,0,'Hàn Băng vũ','',1,0,1,'','2018-08-16 13:48:56','2018-08-16 13:48:56'),(650,'Ánh lửa tình bạn ( Hạt giống tâm hồn )',NULL,4,'Kỹ năng',0,0,0,0,0,'Nhiều tác Giả','',1,0,1,'','2018-08-16 13:49:53','2018-08-16 13:49:53'),(651,'Bản CV hòan hảo',NULL,4,'Kỹ năng',0,0,0,0,0,'Alpha books Biên soạn','',1,0,1,'','2018-08-16 13:52:09','2018-08-16 13:58:50'),(652,'Đừng để tiền ngủ yên trong túi',NULL,4,'Kỹ năng',0,0,0,0,0,'Tương Lâm / Tuệ Văn ( dịch )','',1,0,1,'','2018-08-16 13:55:37','2018-08-16 13:58:39'),(653,'Những bí quyết làm giàu nổi tiếng',NULL,4,'Kỹ năng',0,0,0,0,0,'Auger.Mandeno','',1,0,1,'','2018-08-16 13:57:28','2018-08-16 13:58:28'),(654,'Vô cùng tàn nhẫn vô cùng yêu thương 2','uploads/book/book_17_1534432465007.jpg',4,'Kỹ năng',0,0,0,0,0,'Sara Imas','',1,0,1,'','2018-08-16 14:09:47','2018-08-16 15:14:27'),(655,'Phớt lờ tất cả & bơ đi mà sống',NULL,4,'Kỹ năng',0,0,0,0,0,'Hugh Macleod','',1,0,1,'','2018-08-16 14:10:29','2018-08-16 14:10:29'),(656,'Phỏng vấn tuyển dụng thật đơn giản',NULL,4,'Kỹ năng',0,0,0,0,0,'Ros Jay','',2,0,2,'','2018-08-16 14:11:16','2018-08-16 14:12:15'),(657,'Nguồn sáng tình yêu (Hạt giống tâm hồn)',NULL,4,'Kỹ năng',0,0,0,0,0,'Nhiều tác giả','',1,0,1,'','2018-08-16 14:13:49','2018-08-16 14:13:49'),(658,'Hạnh phúc không khó tìm 2',NULL,4,'Kỹ năng',0,0,0,0,0,'M. J. Ryan','',1,0,1,'','2018-08-16 14:14:11','2018-08-16 14:14:11'),(659,'Năm ngôn ngữ tình yêu',NULL,4,'Kỹ năng',0,0,0,0,0,'Gary Chapman','',2,0,2,'','2018-08-16 14:14:34','2018-08-16 14:14:34'),(660,'Triết lý chợ cá cho cuộc sống 1',NULL,4,'Kỹ năng',0,0,0,0,0,'Stephen C. Lundin, Ph.D.,Harry Paul, John Christensen','',1,0,1,'','2018-08-16 14:16:03','2018-08-16 14:16:03'),(661,'Hãy can đảm & tốt bụng',NULL,4,'Kỹ năng',0,0,0,0,0,'Nhiều tác giả','',1,0,1,'','2018-08-16 14:16:23','2018-08-16 14:16:23'),(662,'Vượt lên chính mình 2',NULL,4,'Kỹ năng',0,0,0,0,0,'Steve Young','',1,0,1,'','2018-08-16 14:19:05','2018-08-16 14:19:05'),(663,'Chữa lành nỗi đau (You can heal your life)',NULL,4,'Kỹ năng',0,0,0,0,0,'Louise L.Hay','',1,0,1,'','2018-08-16 14:19:22','2018-08-16 14:19:22'),(664,'How to Enjoy Your Life and Job',NULL,4,'Kỹ năng',0,0,0,0,0,'Dale Carnegie','',1,0,1,'','2018-08-16 14:20:02','2018-08-16 14:20:02'),(665,'Hạnh phúc lang thang',NULL,4,'Kỹ năng',0,0,0,0,0,'Nhiều tác giả','',1,0,1,'','2018-08-16 14:21:15','2018-08-16 14:21:15'),(666,'Bí quyết trình bày từ các chuyên gia',NULL,4,'Kỹ năng',0,0,0,0,0,'Quách Tuấn Khanh','',1,0,1,'','2018-08-16 14:22:06','2018-08-16 14:22:06'),(667,'David & Goliath',NULL,4,'Kỹ năng',0,0,0,0,0,'Malcolm Gladwell','',1,0,1,'','2018-08-16 14:22:25','2018-08-16 14:22:25'),(668,'Nghệ thuật nói chuyện',NULL,4,'Kỹ năng',0,0,0,0,0,'Hồng Khanh','',1,0,1,'','2018-08-16 14:23:27','2018-08-16 14:23:27'),(669,'17 nhà sinh học danh tiếng',NULL,4,'Kỹ năng',0,0,0,0,0,'Song Mai','',1,0,1,'','2018-08-16 14:25:34','2018-08-16 14:25:34'),(670,'Xây nhà cho cánh bướm mùa thu',NULL,4,'Kỹ năng',0,0,0,0,0,'Jack Canfield Mark Victor Hansen Stephanie Marston','',1,0,1,'','2018-08-16 14:25:51','2018-08-16 14:25:51'),(671,'Cho những trái tim rộng mở (Hạt giống tâm hồn)',NULL,4,'Kỹ năng',0,0,0,0,0,'Nhiều tác giả','',1,0,1,'','2018-08-16 14:26:07','2018-08-16 14:26:07'),(672,'Dám thành công (Dare to win)',NULL,4,'Kỹ năng',0,0,0,0,0,'Jack Canfield & Mark Victor Hansen','',1,0,1,'','2018-08-16 14:27:18','2018-08-16 14:27:18'),(673,'8 nguyên tắc hẹn hò con gái tôi',NULL,4,'Kỹ năng',0,0,0,0,0,'W.Bruce Cameron','',1,0,1,'','2018-08-16 14:28:10','2018-08-16 14:28:10'),(674,'Văn hóa ứng xử. bí quyết trẻ lâu, sống lâu',NULL,4,'Kỹ năng',0,0,0,0,0,'Ts.Thế Hùng','',1,0,1,'','2018-08-16 14:28:41','2018-08-16 14:28:41'),(675,'Khoa học về sự đơn giản để đạt được điều bạn muốn',NULL,4,'Kỹ năng',0,0,0,0,0,'Mark Joyner','',1,0,1,'','2018-08-16 14:28:56','2018-08-16 14:28:56'),(676,'Trai nước Nam làm giàu',NULL,4,'Kỹ năng',0,0,0,0,0,'Hoàng Đạo Thúy','',1,0,1,'','2018-08-16 14:29:32','2018-08-16 14:29:32'),(677,'Steven Fobs & Những bí quyết thành công',NULL,4,'Kỹ năng',0,0,0,0,0,'Li Shangqing','',1,0,1,'','2018-08-16 14:30:54','2018-08-16 14:30:54'),(678,'Đen tuyền & Đỏ Rực',NULL,4,'Kỹ năng',0,0,0,0,0,'Lưu Kiên Định','',1,0,1,'','2018-08-16 14:31:11','2018-08-16 14:31:11'),(679,'Người bán hàng vĩ đại lớn nhất thế giới',NULL,4,'Kỹ năng',0,0,0,0,0,'Trần Đình Tuấn (biên soạn)','',1,0,1,'','2018-08-16 14:31:29','2018-08-16 14:31:29'),(680,'10 điều kiêng kỵ trong kinh doanh',NULL,4,'Kỹ năng',0,0,0,0,0,'Hoàng Lâm','',1,0,1,'','2018-08-16 14:31:46','2018-08-16 14:31:46'),(681,'Thế giới khí tượng thủy văn - những điều lý thú',NULL,4,'Kỹ năng',0,0,0,0,0,'M - I - Lin','',1,0,1,'','2018-08-16 14:32:03','2018-08-16 14:32:03'),(682,'Người giỏi không phải là người làm tất cả',NULL,4,'Kỹ năng',0,0,0,0,0,'D. M. Genett, Ph.D.','',1,0,1,'','2018-08-16 14:32:20','2018-08-16 14:32:20'),(683,'Cho lòng dũng cảm và tình yêu cuộc sống (Hạt giống tâm hồn)',NULL,1,'Văn học Việt Nam',0,0,0,0,0,'Nhiều tác giả','',2,0,2,'','2018-08-16 14:32:39','2018-08-16 14:32:39'),(684,'Nghệ thuật giao tiếp để thành công','uploads/book/book_17_1534430357794.jpg',4,'Kỹ năng',0,0,0,0,0,'Leil Lowndes','',1,0,1,'','2018-08-16 14:33:48','2018-08-16 14:39:19'),(685,'Nghệ thuật đàm phán',NULL,4,'Kỹ năng',0,0,0,0,0,'Maurice A. Bercoff','',1,0,1,'','2018-08-16 14:34:05','2018-08-16 14:34:05'),(686,'Và ý nghĩa cuộc sống (Hạt giống tâm hồn)',NULL,4,'Kỹ năng',0,0,0,0,0,'Nhiều tác giả','',1,0,1,'','2018-08-16 14:34:39','2018-08-16 14:34:39'),(687,'Tuổi trẻ đáng giá bao nhiêu','uploads/book/book_17_1534430220645.jpg',4,'Kỹ năng',1,0,0,0,0,'Rosie Nguyễn','',1,0,1,'','2018-08-16 14:37:59','2018-08-17 07:03:39'),(688,'Phân tâm học & tôn giáo',NULL,4,'Kỹ năng',0,0,0,0,0,'Erich Fromm','',1,0,1,'','2018-08-16 14:40:02','2018-08-16 14:40:02'),(689,'Học từ vấp ngã để từng bước thành công',NULL,4,'Kỹ năng',0,0,0,0,0,'John C. Maxwell','',1,0,1,'','2018-08-16 14:40:25','2018-08-16 14:40:25'),(690,'Thuật yêu đương',NULL,4,'Kỹ năng',0,0,0,0,0,'Thu Giang Nguyễn Duy Cần','',1,0,1,'','2018-08-16 14:42:04','2018-08-16 14:42:04'),(691,'Quản trị nghề nghiệp',NULL,4,'Kỹ năng',0,0,0,0,0,'Carolyn Boyes','',1,0,1,'','2018-08-16 14:42:44','2018-08-16 14:42:44'),(692,'Hãy bỏ gánh lo để vui sống',NULL,4,'Kỹ năng',0,0,0,0,0,'Dale Carnegie','',1,0,1,'','2018-08-16 14:45:35','2018-08-16 14:45:35'),(693,'Vận dụng khoa nhân tướng học trong ứng xử và quản lý kinh doanh',NULL,4,'Kỹ năng',0,0,0,0,0,'Việt Chương (biên soạn)','',1,0,1,'','2018-08-16 14:47:25','2018-08-16 14:47:25'),(694,'Cuộc sống kỳ diệu của muôn loài',NULL,1,'Văn học Việt Nam',0,0,0,0,0,'Minh Phương (sưu tầm, biên soạn)','',1,0,1,'','2018-08-16 14:47:44','2018-08-16 14:47:44'),(695,'Một phút trở thành tỷ phú của người kinh doanh thời đại mới',NULL,4,'Kỹ năng',0,0,0,0,0,'Trần Nhật Minh (biên soạn)','',1,0,1,'','2018-08-16 14:49:55','2018-08-16 14:49:55'),(696,'Biệt đội Bạch Dương',NULL,4,'Kỹ năng',0,0,0,0,0,'Asbook (biên soạn)','',1,0,1,'','2018-08-16 14:50:37','2018-08-16 14:50:37'),(697,'Phụ nữ tuổi 20 thay đổi để thành công','uploads/book/book_17_1534431133299.jpg',4,'Kỹ năng',0,0,0,0,0,'Trương Oánh','',1,0,1,'','2018-08-16 14:52:15','2018-08-16 14:52:15'),(698,'28 cách để trở thành người phụ nữa giàu có','uploads/book/book_17_1534431219319.jpg',4,'Kỹ năng',0,0,0,0,0,'2.1/2 bạn tốt','',1,0,1,'','2018-08-16 14:53:53','2018-08-16 14:53:53'),(699,'Tìm đường tuổi 20s',NULL,4,'Kỹ năng',0,0,0,0,0,'Trần Thị Thùy Trang','',1,0,1,'','2018-08-16 15:00:10','2018-08-16 15:00:10'),(700,'Tôi và Paris - Câu chuyện một dòng sông',NULL,4,'Kỹ năng',0,0,0,0,0,'Hoàng Long','',1,0,1,'','2018-08-16 15:00:45','2018-08-16 15:00:45'),(701,'Hành trang bạn gái bước vào đời',NULL,4,'Kỹ năng',0,0,0,0,0,'Lan Anh (biên soạn)','',1,0,1,'','2018-08-16 15:03:29','2018-08-16 15:03:29'),(702,'Những khoảnh khắc diệu kỳ',NULL,4,'Kỹ năng',0,0,0,0,0,'Steve Goodier','',1,0,1,'','2018-08-16 15:04:33','2018-08-16 15:04:33'),(703,'Toàn cảnh mặt trăng',NULL,4,'Kỹ năng',0,0,0,0,0,'Rosemary Ellen Guilley','',1,0,1,'','2018-08-16 15:04:49','2018-08-16 15:04:49'),(704,'Vượt lên số phận (Hạt giống tâm hồn)','uploads/book/book_17_1534431949342.jpg',4,'Kỹ năng',0,0,0,0,0,'Nhiều tác giả','',1,0,1,'','2018-08-16 15:05:51','2018-08-16 15:05:51'),(705,'7 thói quen để thành đạt','uploads/book/book_17_1534488354664.jpg',4,'Kỹ năng',0,0,0,0,0,'Stephen R. Covey','',1,0,1,'','2018-08-16 15:09:14','2018-08-17 06:45:57'),(706,'Chạm tới giấc mơ','uploads/book/book_17_1534432240568.jpg',4,'Kỹ năng',0,0,0,0,0,'Sơn Tùng M-TP','',1,0,1,'','2018-08-16 15:10:43','2018-08-16 15:10:43'),(707,'nếu tôi biết khi còn 20','uploads/book/book_17_1534433295770.jpg',4,'Kỹ năng',0,0,0,0,0,'Tina Seelig','',1,0,1,'','2018-08-16 15:28:19','2018-08-16 15:28:19'),(708,'Doanh nhân Việt Nam (Nụ cười & Nước mắt)',NULL,4,'Kỹ năng',0,0,0,0,0,'Lưu Vinh (chủ biên)','',1,0,1,'','2018-08-17 06:07:48','2018-08-17 06:07:48'),(709,'Tìm lại cái tôi đã mất Cứu vãn cuộc đời không vui vẻ',NULL,4,'Kỹ năng',0,0,0,0,0,'Trình Chí Lương','',1,0,1,'','2018-08-17 06:08:05','2018-08-17 06:08:05'),(710,'Đừng bao từ bỏ khát vọng','uploads/book/book_17_1534486221183.jpg',4,'Kỹ năng',0,0,0,0,0,'Nick Vujicic','',1,0,1,'','2018-08-17 06:10:23','2018-08-17 06:10:23'),(711,'The Search công cụ tìm kiếm',NULL,4,'Kỹ năng',0,0,0,0,0,'John Battelle','',1,0,1,'','2018-08-17 06:10:45','2018-08-17 06:10:45'),(712,'Nghĩ giàu làm giàu','uploads/book/book_17_1534486332420.jpg',4,'Kỹ năng',0,0,0,0,0,'Napoleon Hill','',1,0,1,'','2018-08-17 06:12:16','2018-08-17 06:12:16'),(713,'Sức mạnh của hiện tại (The power of now)',NULL,4,'Kỹ năng',0,0,0,0,0,'Eckhart Tolle','',1,0,1,'','2018-08-17 06:13:12','2018-08-17 06:13:12'),(714,'Câu chuyện nhỏ đạo lý lớn hạnh phúc ở quanh ta',NULL,4,'Kỹ năng',0,0,0,0,0,'Nguyệt Hòa','',1,0,1,'','2018-08-17 06:14:18','2018-08-17 06:14:18'),(715,'Hành trang tri thức thế kỷ XXI',NULL,4,'Kỹ năng',0,0,0,0,0,'Nxb Văn hóa thông tin','',1,0,1,'','2018-08-17 06:14:36','2018-08-17 06:14:36'),(716,'Hiện tượng ngoại cảm - hiện thực và lý giải',NULL,4,'Kỹ năng',0,0,0,0,0,'Phạm Ngọc Dương','',1,0,1,'','2018-08-17 06:17:58','2018-08-17 06:17:58'),(717,'8 tố chất trí tuệ quyết định cuộc đời người phụ nữ',NULL,4,'Kỹ năng',0,0,0,0,0,'Mã Ngân Văn','',1,0,1,'','2018-08-17 06:18:45','2018-08-17 06:18:45'),(718,'English Grammar in USE (Ngữ pháp thông dụng)',NULL,4,'Kỹ năng',0,0,0,0,0,'Raymond Murphy','',1,0,1,'','2018-08-17 06:19:22','2018-08-17 06:19:22'),(719,'Lời hay ý đẹp (Song ngữ Anh - Việt)',NULL,4,'Kỹ năng',0,0,0,0,0,'Nguyễn Anh Dũng - Nguyên Chi (chủ biên)','',1,0,1,'','2018-08-17 06:19:38','2018-08-17 06:19:38'),(720,'Mưu lược trong điều hành công ty',NULL,4,'Kỹ năng',0,0,0,0,0,'Viện nghiên cứu và đào tạo về quản lý','',1,0,1,'','2018-08-17 06:19:57','2018-08-17 06:19:57'),(721,'Những câu chuyện kinh thánh đơn giản - dễ hiểu',NULL,4,'Kỹ năng',0,0,0,0,0,'Phạm Thị Ngọc Ánh & Nhóm biên dịch','',1,0,1,'','2018-08-17 06:20:17','2018-08-17 06:20:17'),(722,'Thiện, ác và smartphone',NULL,4,'Kỹ năng',0,0,0,0,0,'Đặng Hoàng Giang','',1,0,1,'','2018-08-17 06:21:19','2018-08-17 06:21:19'),(723,'Business Letters (Toàn bộ thư tín thương mại)',NULL,4,'Kỹ năng',0,0,0,0,0,'Giáo sư Berhas A. Mill','',1,0,1,'','2018-08-17 06:21:36','2018-08-17 06:21:36'),(724,'Không bao giờ là thất bại! Tất cả là thử thách',NULL,4,'Kỹ năng',0,0,0,0,0,'Tự truyện của Chung Ju Yung (người sáng lập tập đoàn Hyudai)','',1,0,1,'','2018-08-17 06:22:05','2018-08-17 06:22:05'),(725,'Tư duy tối ưu (The first things first)',NULL,4,'Kỹ năng',0,0,0,0,0,'Stephen R. Covey','',1,0,1,'','2018-08-17 06:22:21','2018-08-17 06:22:21'),(726,'Thư của trứng gà gửi chứng khoán',NULL,4,'Kỹ năng',0,0,0,0,0,'Tiểu phẩm Lê Hoàng','',1,0,1,'','2018-08-17 06:25:40','2018-08-17 06:25:40'),(727,'Dữ liệu lớn - cuộc cách mạng sẽ làm thay đổi cách chúng ta sống, làm việc và tư duy',NULL,4,'Kỹ năng',0,0,0,0,0,'Viktor Mayer - Schonberger và Kenneth Cukier','',1,0,1,'','2018-08-17 06:25:58','2018-08-17 06:25:58'),(728,'Đường lối lãnh đạo HP',NULL,4,'Kỹ năng',0,0,0,0,0,'David Packard','',1,0,1,'','2018-08-17 06:26:14','2018-08-17 06:26:14'),(729,'10 bí quyết thành công của Bill Gates',NULL,4,'Kỹ năng',0,0,0,1,0,'Des Dearlove','',1,0,1,'','2018-08-17 06:28:27','2018-08-17 06:28:27'),(730,'Quảng cáo thoái vị & PR lên ngôi',NULL,4,'Kỹ năng',0,0,0,0,0,'Al Ries & Laura Ries','',1,0,1,'','2018-08-17 06:30:39','2018-08-17 06:30:39'),(731,'Trên cả lí thuyết',NULL,4,'Kỹ năng',0,0,0,0,0,'Triệu Văn Minh','',1,0,1,'','2018-08-17 06:32:42','2018-08-17 06:32:42'),(732,'36 kế cầu người',NULL,4,'Kỹ năng',0,0,0,0,0,'Đạt Nhân','',1,0,1,'','2018-08-17 06:35:20','2018-08-17 06:35:20'),(733,'Tìm công việc ưng ý đánh thức tiềm năng bản thân',NULL,4,'Kỹ năng',0,0,0,0,0,'Đỗ Thanh Năm','',1,0,1,'','2018-08-17 06:37:10','2018-08-17 06:37:10'),(734,'Thuật thấu hiểu lòng người trong cuộc sống hiện đại',NULL,4,'Kỹ năng',0,0,0,0,0,'Vương Hằng Luân (biên soạn)','',1,0,1,'','2018-08-17 06:37:26','2018-08-17 06:37:26'),(735,'Bài học diệu kỳ từ chiếc xe rác','uploads/book/book_17_1534487905303.jpg',4,'Kỹ năng',0,0,0,0,0,'David J. Pollay','',1,0,1,'','2018-08-17 06:38:26','2018-08-17 06:38:41'),(736,'Ảo thuật gia- Bí mật của Nicholas Flamel bất tử',NULL,2,'Văn học nước ngoài',0,0,0,0,0,'Michael Scott','',1,0,1,'','2018-08-17 08:15:34','2018-08-17 08:15:34'),(737,'Chúng tôi sẽ chết như đã sống',NULL,2,'Văn học nước ngoài',0,0,0,0,0,'A-na-tô-li Gô-lu-bếp','',1,0,1,'','2018-08-17 08:15:58','2018-08-17 08:15:58'),(738,'Vết sẹo cánh thiên thần 1',NULL,2,'Văn học nước ngoài',0,0,0,0,0,'Becca Fitzpatrick','',1,0,1,'','2018-08-17 08:22:17','2018-08-17 08:22:17'),(739,'Vết sẹo cánh thiên thần 2',NULL,2,'Văn học nước ngoài',0,0,0,0,0,'Becca Fitzpatrick','',1,0,1,'','2018-08-17 08:22:42','2018-08-17 08:22:42'),(740,'Bóng hồng vàng & bình minh mưa',NULL,2,'Văn học nước ngoài',0,0,0,0,0,'K.G. Paustovsky','',2,0,2,'','2018-08-17 08:45:29','2018-08-19 07:48:52'),(741,'Không nơi nương tựa',NULL,2,'Văn học nước ngoài',0,0,0,0,0,'Dave Pelzer','',1,0,1,'','2018-08-17 08:47:09','2018-08-17 08:47:09'),(742,'Lộc Đỉnh Ký 9',NULL,2,'Văn học nước ngoài',0,0,0,0,0,'Kim Dung','',1,0,1,'','2018-08-17 08:47:57','2018-08-17 08:47:57'),(743,'Công nương Diana & tình yêu cuối cùng',NULL,2,'Văn học nước ngoài',0,0,0,0,0,'Kate Snell','',1,0,1,'','2018-08-17 08:58:16','2018-08-17 08:58:16'),(744,'Nữ phù thủy-Bí mật của Nicholas Flamel bất tử',NULL,1,'Văn học Việt Nam',0,0,0,0,0,'Michael Scott','',1,0,1,'','2018-08-17 09:04:36','2018-08-17 09:04:36'),(745,'Chim sẻ ban mai 7',NULL,2,'Văn học nước ngoài',0,0,0,0,0,'Girlne Ya','',1,0,1,'','2018-08-17 09:05:16','2018-08-17 09:05:16'),(746,'Những chuyện phiêu lưu của cáo Renard 1',NULL,2,'Văn học nước ngoài',0,0,0,0,0,'Jeanne Leroy-Allais và Benjamin Rabier','',4,0,4,'','2018-08-17 09:13:56','2018-08-17 09:13:56'),(747,'Tình ý a',NULL,2,'Văn học nước ngoài',0,0,0,0,0,'Joy Fielding','',1,0,1,'','2018-08-18 08:15:53','2018-08-18 08:15:53'),(748,'Chiếc lá cuối cùng',NULL,2,'Văn học nước ngoài',0,0,0,0,0,'Ohenry','',1,0,1,'','2018-08-18 08:17:06','2018-08-18 08:17:06'),(749,'Hội chợ phù hoa 2',NULL,2,'Văn học nước ngoài',0,0,0,0,0,'W.M. Thackơrê','',1,0,1,'','2018-08-18 08:22:01','2018-08-18 08:22:21'),(750,'Chờ gió lên',NULL,2,'Văn học nước ngoài',0,0,0,0,0,'Bao Kinh Kinh','',1,0,1,'','2018-08-18 08:46:42','2018-08-18 08:46:42'),(751,'2 vạn dặm dưới đáy biển',NULL,2,'Văn học nước ngoài',0,0,0,0,0,'Jules Verne (Minh Đức dịch)','',1,0,1,'','2018-08-18 08:47:03','2018-08-18 08:47:03'),(752,'Thủy Hử 2',NULL,2,'Văn học nước ngoài',0,0,0,0,0,'Thi Nại Am','',1,0,1,'','2018-08-18 08:49:38','2018-08-19 07:33:48'),(753,'Chim sẻ ban mai 2',NULL,2,'Văn học nước ngoài',0,0,0,0,0,'Girlne Ya','',1,0,1,'','2018-08-18 08:53:42','2018-08-18 08:53:42'),(754,'Những tấm lòng cao cả',NULL,2,'Văn học nước ngoài',0,0,0,0,0,'Edmondo De Amicis','',1,0,1,'','2018-08-18 08:57:13','2018-08-18 08:57:13'),(755,'Nhật ký chú bé nhút nhát',NULL,2,'Văn học nước ngoài',0,0,0,0,0,'Jeff Kinney','',1,0,1,'','2018-08-18 08:57:51','2018-08-18 08:57:51'),(756,'Không gia đình 1',NULL,2,'Văn học nước ngoài',0,0,0,0,0,'Hector Malot','',1,0,1,'','2018-08-18 09:02:58','2018-08-18 09:02:58'),(757,'Nghìn lẻ một đêm 1',NULL,2,'Văn học nước ngoài',0,0,0,0,0,'Ăngtoan Galăng (Phan Quang dịch)','',1,0,1,'','2018-08-18 09:17:36','2018-08-18 09:17:36'),(758,'Câu chuyện vô hình & Đảo',NULL,2,'Văn học nước ngoài',0,0,0,0,0,'Hamvas Béla','',1,0,1,'','2018-08-18 09:29:53','2018-08-18 09:29:53'),(759,'Không gia đình 2',NULL,2,'Văn học nước ngoài',0,0,0,0,0,'Hector Malot','',1,0,1,'','2018-08-18 09:31:52','2018-08-18 09:31:52'),(760,'Hai vạn dặm dưới biển 2',NULL,2,'Văn học nước ngoài',0,0,0,0,0,'Jules Verne','',1,0,1,'','2018-08-18 09:32:10','2018-08-18 09:32:10'),(761,'Pháp sư siêu phàm xứ OZ 1',NULL,2,'Văn học nước ngoài',0,0,0,0,0,'Frank Baum','',2,0,2,'','2018-08-18 09:32:32','2018-08-18 09:32:32'),(762,'Pháp sư siêu phàm xứ OZ 2',NULL,2,'Văn học nước ngoài',0,0,0,0,0,'Frank Baum','',2,0,2,'','2018-08-18 09:32:54','2018-08-18 09:32:54'),(763,'Những chuyện phiêu lưu của cáo Renard 2',NULL,2,'Văn học nước ngoài',0,0,0,0,0,'Jeanne Leroy-Allais và Benjamin Rabier','',2,0,2,'','2018-08-19 07:29:05','2018-08-19 07:29:05'),(764,'Va-len-tin Xê-rốp',NULL,1,'Văn học Việt Nam',0,0,0,0,0,'V. Xmi- rơ- nô-va - ra- ki- ti- na','',1,0,1,'','2018-08-19 07:29:45','2018-08-19 07:29:45'),(765,'Đường thi tuyển dịch 2',NULL,2,'Văn học nước ngoài',0,0,0,0,0,'Lê Nguyễn Lưu','',1,0,1,'','2018-08-19 07:31:09','2018-08-19 07:31:09'),(766,'Lộc Đỉnh Ký',NULL,2,'Văn học nước ngoài',0,0,0,0,0,'Kim Dung','',3,0,3,'','2018-08-19 07:36:23','2018-08-19 07:36:42'),(767,'Tam quốc diễn nghĩa 3',NULL,2,'Văn học nước ngoài',0,0,0,0,0,'La Quán Trung','',1,0,1,'','2018-08-19 07:39:33','2018-08-19 07:39:33'),(768,'Câu chuyện nhỏ bài học lớn',NULL,2,'Văn học nước ngoài',0,0,0,0,0,'Việt Thư biên dịch','',1,0,1,'','2018-08-19 07:42:59','2018-08-19 07:42:59'),(769,'Gã con lai & người mẫu',NULL,2,'Văn học nước ngoài',0,0,0,0,0,'Colin Falconer','',1,0,1,'','2018-08-19 07:45:25','2018-08-19 07:45:25'),(770,'Truyện cổ Andersen 1',NULL,2,'Văn học nước ngoài',0,0,0,0,0,'','',1,0,1,'','2018-08-19 07:49:12','2018-08-19 07:49:12'),(771,'Lật lại những trang hồ sơ mật 1',NULL,2,'Văn học nước ngoài',0,0,0,0,0,'','',1,0,1,'','2018-08-19 07:50:20','2018-08-19 07:50:20'),(772,'Bố già',NULL,2,'Văn học nước ngoài',0,0,0,0,0,'Mario Puzo','',1,0,1,'','2018-08-19 07:55:01','2018-08-19 07:55:01'),(773,'Nhật ký ngốc xít',NULL,2,'Văn học nước ngoài',0,0,0,0,0,'Jim Benton','',1,0,1,'','2018-08-19 14:01:32','2018-08-19 14:01:32'),(774,'Dưới cánh thiên thần rượu',NULL,1,'Văn học Việt Nam',0,0,0,0,0,'Jerzy Pilch','',1,0,1,'','2018-08-19 14:06:00','2018-08-19 14:06:00'),(775,'Tuyển tập văn xuôi',NULL,2,'Văn học nước ngoài',0,0,0,0,0,'Alếchxandrơ','',1,0,1,'','2018-08-19 14:10:40','2018-08-19 14:10:40'),(776,'Cuộc phiêu lưu kỳ thú của cô gái năng động',NULL,2,'Văn học nước ngoài',0,0,0,0,0,'Karen Burns','',1,0,1,'','2018-08-19 14:19:06','2018-08-19 14:19:06'),(777,'109 hiện tượng bí ẩn trên thế giới',NULL,1,'Văn học Việt Nam',0,0,0,0,0,'Kính Vạn Lý','',1,0,1,'','2018-08-19 14:19:21','2018-08-19 14:19:21'),(778,'Đỏ đen',NULL,2,'Văn học nước ngoài',0,0,0,0,0,'Stendhal','',1,0,1,'','2018-08-20 01:09:37','2018-08-20 01:09:37'),(779,'Mật mã phù thuỷ 1 a,b',NULL,2,'Văn học nước ngoài',0,0,0,0,0,'Deborah Harkness','',2,0,2,'','2018-08-20 01:10:06','2018-08-20 01:10:19'),(780,'Carmen',NULL,2,'Văn học nước ngoài',0,0,0,0,0,'Proxpê Mêrimê','',1,0,1,'','2018-08-20 01:11:05','2018-08-20 01:11:05'),(781,'Hồi ức thiền bốn mùa',NULL,2,'Văn học nước ngoài',0,0,0,0,0,'David Rynick','',1,0,1,'','2018-08-20 01:48:54','2018-08-20 01:48:54'),(782,'Sáu người đi khắp thế gian 1',NULL,2,'Văn học nước ngoài',0,0,0,0,0,'James A.Michener','',0,0,0,'','2018-08-20 01:50:06','2018-08-20 13:33:25'),(783,'Lẳng lơ',NULL,2,'Văn học nước ngoài',0,0,0,0,0,'Jackie Collins','',1,0,1,'','2018-08-20 01:51:47','2018-08-20 01:51:47'),(784,'Truyện kể về thần đồng thế giới 1',NULL,2,'Văn học nước ngoài',0,0,0,0,0,'','',1,0,1,'','2018-08-20 01:54:14','2018-08-20 01:54:14'),(785,'Hai vạn dặm dưới biển 1',NULL,2,'Văn học nước ngoài',0,0,0,0,0,'Jules Verne (Lê Anh dịch)','',1,0,1,'','2018-08-20 13:31:57','2018-08-20 13:31:57'),(786,'Những khoái cảm khác',NULL,2,'Văn học nước ngoài',0,0,0,0,0,'Jerzy Pilch','',1,0,1,'','2018-08-20 13:32:36','2018-08-20 13:32:36'),(787,'Bảy ngày cho kết thúc',NULL,2,'Văn học nước ngoài',0,0,0,0,0,'Marc Levy','',1,0,1,'','2018-08-20 13:48:46','2018-08-20 13:48:46'),(788,'Từ mỹ học cho đến các loại hình nghệ thuật',NULL,2,'Văn học nước ngoài',0,0,0,0,0,'Denis Diderot','',1,0,1,'','2018-08-20 14:03:41','2018-08-20 14:03:41'),(789,'Cách sống',NULL,2,'Văn học nước ngoài',0,0,0,0,0,'Inamori Kazuo','',1,0,1,'','2018-08-20 14:20:13','2018-08-20 14:20:13'),(790,'Đường mòn trên biển kí sự',NULL,1,'Văn học Việt Nam',0,0,0,0,0,'Nguyễn Tư đương','',1,0,1,'','2018-08-21 15:27:23','2018-08-21 15:27:23'),(791,'Rừng động',NULL,1,'Văn học Việt Nam',0,0,0,0,0,'Mạc Phi','',1,0,1,'','2018-08-21 15:30:23','2018-08-21 15:30:23'),(792,'Môi đưa bão về',NULL,1,'Văn học Việt Nam',0,0,0,0,0,'Võ hồng thu','',1,0,1,'','2018-08-21 15:31:05','2018-08-21 15:31:05'),(793,'Tuyển tập thơ',NULL,1,'Văn học Việt Nam',0,0,0,0,0,'Bằng Việt','',1,0,1,'','2018-08-21 15:32:17','2018-08-21 15:32:17'),(794,'Quá trẻ để chết: Hành trình nước Mỹ',NULL,1,'Văn học Việt Nam',0,0,0,0,0,'Đinh hằng','',1,0,1,'','2018-08-21 15:33:24','2018-08-21 15:33:24'),(795,'Bí mật về người Mỹ làm \"sống lại\" Đặng Thùy Trâm',NULL,1,'Văn học Việt Nam',0,0,0,0,0,'đặng thùy trâm','',1,0,1,'','2018-08-21 15:36:08','2018-08-21 15:36:08'),(796,'Phế cửa giấy',NULL,1,'Văn học Việt Nam',0,0,0,0,0,'Lê Bầu (dịch)','',1,0,1,'','2018-08-21 15:38:35','2018-08-21 15:38:35'),(797,'Vết xẹo và cái đầu hói',NULL,1,'Văn học Việt Nam',0,0,0,0,0,'võ văn trực','',1,0,1,'','2018-08-21 15:44:27','2018-08-21 15:44:27'),(798,'Con chó nhỏ mang giỏ hoa hồng',NULL,1,'Văn học Việt Nam',0,0,0,0,0,'Nguyễn nhật ánh','',1,0,1,'','2018-08-21 15:47:39','2018-08-21 16:00:12');
/*!40000 ALTER TABLE `book` ENABLE KEYS */;
UNLOCK TABLES;

--
-- Table structure for table `book_comment`
--

DROP TABLE IF EXISTS `book_comment`;
/*!40101 SET @saved_cs_client     = @@character_set_client */;
/*!40101 SET character_set_client = utf8 */;
CREATE TABLE `book_comment` (
  `id` int(11) NOT NULL AUTO_INCREMENT,
  `book_id` int(11) NOT NULL,
  `user_id` int(11) NOT NULL,
  `user_name` varchar(50) DEFAULT NULL,
  `content` varchar(10000) DEFAULT NULL,
  `actived` tinyint(1) DEFAULT '1',
  `created_at` timestamp NULL DEFAULT NULL,
  `updated_at` timestamp NULL DEFAULT NULL,
  `deleted` tinyint(1) DEFAULT '0',
  PRIMARY KEY (`id`),
  KEY `book_comment_ibfk_1` (`user_id`),
  CONSTRAINT `book_comment_ibfk_1` FOREIGN KEY (`user_id`) REFERENCES `public_user` (`id`) ON DELETE CASCADE ON UPDATE CASCADE
) ENGINE=InnoDB AUTO_INCREMENT=5 DEFAULT CHARSET=utf8;
/*!40101 SET character_set_client = @saved_cs_client */;

--
-- Dumping data for table `book_comment`
--

LOCK TABLES `book_comment` WRITE;
/*!40000 ALTER TABLE `book_comment` DISABLE KEYS */;
INSERT INTO `book_comment` VALUES (1,430,1,'Phạm Bảo Tú','abc',1,'2018-04-23 13:41:08','2018-04-23 13:41:08',0),(2,430,9,'Tạ Ngọc Thuấn','xyz',1,'2018-04-25 06:30:20','2018-04-25 06:30:24',1),(3,599,1,'Phạm Bảo Tú','Thế rồi em có đến từ cơn mưa nữa không?',1,'2018-04-29 16:22:31','2018-04-29 16:22:31',0),(4,629,11,'Bùi Mạnh Cường','T test cái nhé!',1,'2018-06-07 08:59:59','2018-06-07 08:59:59',0);
/*!40000 ALTER TABLE `book_comment` ENABLE KEYS */;
UNLOCK TABLES;
/*!50003 SET @saved_cs_client      = @@character_set_client */ ;
/*!50003 SET @saved_cs_results     = @@character_set_results */ ;
/*!50003 SET @saved_col_connection = @@collation_connection */ ;
/*!50003 SET character_set_client  = utf8 */ ;
/*!50003 SET character_set_results = utf8 */ ;
/*!50003 SET collation_connection  = utf8_general_ci */ ;
/*!50003 SET @saved_sql_mode       = @@sql_mode */ ;
/*!50003 SET sql_mode              = 'STRICT_TRANS_TABLES,NO_ZERO_IN_DATE,NO_ZERO_DATE,ERROR_FOR_DIVISION_BY_ZERO,NO_AUTO_CREATE_USER,NO_ENGINE_SUBSTITUTION' */ ;
DELIMITER ;;
/*!50003 CREATE*/ /*!50017 DEFINER=`root`@`localhost`*/ /*!50003 TRIGGER `after_book_comment_update` AFTER UPDATE ON `book_comment` FOR EACH ROW BEGIN
	IF(NEW.deleted = 1) THEN
		UPDATE book SET comment_time = comment_time - 1 WHERE id = NEW.book_id;
	ELSEIF(OLD.actived = 1 AND NEW.actived = 0) THEN
		UPDATE book SET comment_time = comment_time - 1 WHERE id = NEW.book_id;
	ELSEIF(OLD.actived = 0 AND NEW.actived = 1 ) THEN
		UPDATE book SET comment_time = comment_time + 1 WHERE id = NEW.book_id;
	END IF;
END */;;
DELIMITER ;
/*!50003 SET sql_mode              = @saved_sql_mode */ ;
/*!50003 SET character_set_client  = @saved_cs_client */ ;
/*!50003 SET character_set_results = @saved_cs_results */ ;
/*!50003 SET collation_connection  = @saved_col_connection */ ;
/*!50003 SET @saved_cs_client      = @@character_set_client */ ;
/*!50003 SET @saved_cs_results     = @@character_set_results */ ;
/*!50003 SET @saved_col_connection = @@collation_connection */ ;
/*!50003 SET character_set_client  = utf8 */ ;
/*!50003 SET character_set_results = utf8 */ ;
/*!50003 SET collation_connection  = utf8_general_ci */ ;
/*!50003 SET @saved_sql_mode       = @@sql_mode */ ;
/*!50003 SET sql_mode              = 'STRICT_TRANS_TABLES,NO_ZERO_IN_DATE,NO_ZERO_DATE,ERROR_FOR_DIVISION_BY_ZERO,NO_AUTO_CREATE_USER,NO_ENGINE_SUBSTITUTION' */ ;
DELIMITER ;;
/*!50003 CREATE*/ /*!50017 DEFINER=`root`@`localhost`*/ /*!50003 TRIGGER `after_book_comment_delete` AFTER DELETE ON `book_comment` FOR EACH ROW BEGIN
		UPDATE book SET comment_time = comment_time - 1 WHERE id = OLD.book_id;
END */;;
DELIMITER ;
/*!50003 SET sql_mode              = @saved_sql_mode */ ;
/*!50003 SET character_set_client  = @saved_cs_client */ ;
/*!50003 SET character_set_results = @saved_cs_results */ ;
/*!50003 SET collation_connection  = @saved_col_connection */ ;

--
-- Table structure for table `book_rating`
--

DROP TABLE IF EXISTS `book_rating`;
/*!40101 SET @saved_cs_client     = @@character_set_client */;
/*!40101 SET character_set_client = utf8 */;
CREATE TABLE `book_rating` (
  `id` int(11) NOT NULL AUTO_INCREMENT,
  `book_id` int(11) NOT NULL,
  `user_id` int(11) NOT NULL,
  `type` tinyint(1) NOT NULL DEFAULT '1',
  `created_at` timestamp NULL DEFAULT NULL,
  `updated_at` timestamp NULL DEFAULT NULL,
  PRIMARY KEY (`id`),
  KEY `book_rating_ibfk_1` (`user_id`),
  CONSTRAINT `book_rating_ibfk_1` FOREIGN KEY (`user_id`) REFERENCES `public_user` (`id`) ON DELETE CASCADE ON UPDATE CASCADE
) ENGINE=InnoDB AUTO_INCREMENT=21 DEFAULT CHARSET=utf8;
/*!40101 SET character_set_client = @saved_cs_client */;

--
-- Dumping data for table `book_rating`
--

LOCK TABLES `book_rating` WRITE;
/*!40000 ALTER TABLE `book_rating` DISABLE KEYS */;
INSERT INTO `book_rating` VALUES (3,489,1,1,'2018-04-22 11:17:51','2018-04-22 11:17:51'),(4,599,1,1,'2018-04-29 16:22:37','2018-04-29 16:22:37'),(5,430,11,1,'2018-06-07 08:59:07','2018-06-07 08:59:07'),(6,362,11,1,'2018-06-07 08:59:07','2018-06-07 08:59:07'),(7,432,11,1,'2018-06-07 08:59:09','2018-06-07 08:59:09'),(8,431,11,1,'2018-06-07 08:59:12','2018-06-07 08:59:12'),(9,201,11,1,'2018-06-07 08:59:14','2018-06-07 08:59:14'),(10,435,11,1,'2018-06-07 08:59:25','2018-06-07 08:59:25'),(11,434,11,1,'2018-06-07 08:59:26','2018-06-07 08:59:26'),(12,433,11,1,'2018-06-07 08:59:27','2018-06-07 08:59:27'),(14,628,13,1,'2018-06-14 09:02:05','2018-06-14 09:02:05'),(15,362,14,1,'2018-06-15 03:25:52','2018-06-15 03:25:52'),(16,434,14,1,'2018-06-15 03:26:12','2018-06-15 03:26:12'),(17,430,1,1,'2018-08-13 04:46:07','2018-08-13 04:46:07'),(18,362,1,1,'2018-08-13 04:46:08','2018-08-13 04:46:08'),(19,432,1,1,'2018-08-13 04:46:10','2018-08-13 04:46:10'),(20,729,1,1,'2018-09-10 15:30:16','2018-09-10 15:30:16');
/*!40000 ALTER TABLE `book_rating` ENABLE KEYS */;
UNLOCK TABLES;
/*!50003 SET @saved_cs_client      = @@character_set_client */ ;
/*!50003 SET @saved_cs_results     = @@character_set_results */ ;
/*!50003 SET @saved_col_connection = @@collation_connection */ ;
/*!50003 SET character_set_client  = utf8 */ ;
/*!50003 SET character_set_results = utf8 */ ;
/*!50003 SET collation_connection  = utf8_general_ci */ ;
/*!50003 SET @saved_sql_mode       = @@sql_mode */ ;
/*!50003 SET sql_mode              = 'STRICT_TRANS_TABLES,NO_ZERO_IN_DATE,NO_ZERO_DATE,ERROR_FOR_DIVISION_BY_ZERO,NO_AUTO_CREATE_USER,NO_ENGINE_SUBSTITUTION' */ ;
DELIMITER ;;
/*!50003 CREATE*/ /*!50017 DEFINER=`root`@`localhost`*/ /*!50003 TRIGGER `after_book_rating_create` AFTER INSERT ON `book_rating` FOR EACH ROW BEGIN
	IF(NEW.type = 1) THEN
		UPDATE book SET love_time = love_time + 1 WHERE id = NEW.book_id;
	ELSEIF(NEW.type = 0) THEN
		UPDATE book SET hate_time = hate_time + 1 WHERE id = NEW.book_id;
	END IF;
END */;;
DELIMITER ;
/*!50003 SET sql_mode              = @saved_sql_mode */ ;
/*!50003 SET character_set_client  = @saved_cs_client */ ;
/*!50003 SET character_set_results = @saved_cs_results */ ;
/*!50003 SET collation_connection  = @saved_col_connection */ ;
/*!50003 SET @saved_cs_client      = @@character_set_client */ ;
/*!50003 SET @saved_cs_results     = @@character_set_results */ ;
/*!50003 SET @saved_col_connection = @@collation_connection */ ;
/*!50003 SET character_set_client  = utf8 */ ;
/*!50003 SET character_set_results = utf8 */ ;
/*!50003 SET collation_connection  = utf8_general_ci */ ;
/*!50003 SET @saved_sql_mode       = @@sql_mode */ ;
/*!50003 SET sql_mode              = 'STRICT_TRANS_TABLES,NO_ZERO_IN_DATE,NO_ZERO_DATE,ERROR_FOR_DIVISION_BY_ZERO,NO_AUTO_CREATE_USER,NO_ENGINE_SUBSTITUTION' */ ;
DELIMITER ;;
/*!50003 CREATE*/ /*!50017 DEFINER=`root`@`localhost`*/ /*!50003 TRIGGER `after_book_rating_update` AFTER UPDATE ON `book_rating` FOR EACH ROW BEGIN
	IF(OLD.type = 0 AND NEW.type = 1) THEN
		UPDATE book SET love_time = love_time + 1, hate_time = hate_time - 1  WHERE id = NEW.book_id;
	ELSEIF(OLD.type = 1 AND NEW.type = 0) THEN
		UPDATE book SET hate_time = hate_time + 1, love_time = love_time - 1 WHERE id = NEW.book_id;
	END IF;
END */;;
DELIMITER ;
/*!50003 SET sql_mode              = @saved_sql_mode */ ;
/*!50003 SET character_set_client  = @saved_cs_client */ ;
/*!50003 SET character_set_results = @saved_cs_results */ ;
/*!50003 SET collation_connection  = @saved_col_connection */ ;
/*!50003 SET @saved_cs_client      = @@character_set_client */ ;
/*!50003 SET @saved_cs_results     = @@character_set_results */ ;
/*!50003 SET @saved_col_connection = @@collation_connection */ ;
/*!50003 SET character_set_client  = utf8 */ ;
/*!50003 SET character_set_results = utf8 */ ;
/*!50003 SET collation_connection  = utf8_general_ci */ ;
/*!50003 SET @saved_sql_mode       = @@sql_mode */ ;
/*!50003 SET sql_mode              = 'STRICT_TRANS_TABLES,NO_ZERO_IN_DATE,NO_ZERO_DATE,ERROR_FOR_DIVISION_BY_ZERO,NO_AUTO_CREATE_USER,NO_ENGINE_SUBSTITUTION' */ ;
DELIMITER ;;
/*!50003 CREATE*/ /*!50017 DEFINER=`root`@`localhost`*/ /*!50003 TRIGGER `after_book_rating_delete` AFTER DELETE ON `book_rating` FOR EACH ROW BEGIN
	IF(OLD.type = 1) THEN
		UPDATE book SET love_time = love_time - 1 WHERE id = OLD.book_id;
	ELSEIF(OLD.type = 0) THEN
		UPDATE book SET hate_time = hate_time - 1 WHERE id = OLD.book_id;
	END IF;
END */;;
DELIMITER ;
/*!50003 SET sql_mode              = @saved_sql_mode */ ;
/*!50003 SET character_set_client  = @saved_cs_client */ ;
/*!50003 SET character_set_results = @saved_cs_results */ ;
/*!50003 SET collation_connection  = @saved_col_connection */ ;

--
-- Table structure for table `book_type`
--

DROP TABLE IF EXISTS `book_type`;
/*!40101 SET @saved_cs_client     = @@character_set_client */;
/*!40101 SET character_set_client = utf8 */;
CREATE TABLE `book_type` (
  `id` int(11) NOT NULL AUTO_INCREMENT,
  `name` varchar(100) NOT NULL,
  `actived` int(1) DEFAULT '1',
  PRIMARY KEY (`id`)
) ENGINE=InnoDB AUTO_INCREMENT=5 DEFAULT CHARSET=utf8;
/*!40101 SET character_set_client = @saved_cs_client */;

--
-- Dumping data for table `book_type`
--

LOCK TABLES `book_type` WRITE;
/*!40000 ALTER TABLE `book_type` DISABLE KEYS */;
INSERT INTO `book_type` VALUES (1,'Văn học Việt Nam',1),(2,'Văn học nước ngoài',1),(3,'Lịch sử văn hóa',1),(4,'Kỹ năng',1);
/*!40000 ALTER TABLE `book_type` ENABLE KEYS */;
UNLOCK TABLES;

--
-- Table structure for table `borrow`
--

DROP TABLE IF EXISTS `borrow`;
/*!40101 SET @saved_cs_client     = @@character_set_client */;
/*!40101 SET character_set_client = utf8 */;
CREATE TABLE `borrow` (
  `id` int(11) NOT NULL AUTO_INCREMENT,
  `user_id` int(11) NOT NULL DEFAULT '1',
  `reader_id` int(11) NOT NULL DEFAULT '1',
  `reader_mobile` varchar(11) NOT NULL,
  `reader_name` varchar(50) NOT NULL,
  `status` tinyint(1) NOT NULL DEFAULT '1',
  `borrow_date` timestamp NULL DEFAULT NULL,
  `pay_date` timestamp NULL DEFAULT NULL,
  `note` varchar(10000) DEFAULT NULL,
  `deposit_name` varchar(50) NOT NULL,
  `deposit_id` int(11) NOT NULL DEFAULT '1',
  `deleted` tinyint(1) DEFAULT '0',
  `created_at` timestamp NULL DEFAULT NULL,
  `updated_at` timestamp NULL DEFAULT NULL,
  `user_name` varchar(50) NOT NULL,
  `update_user_name` varchar(50) NOT NULL,
  `update_user_id` int(11) NOT NULL,
  `expiry` int(11) DEFAULT '7',
  PRIMARY KEY (`id`),
  KEY `borrow_ibfk_2` (`user_id`),
  KEY `borrow_ibfk_3` (`deposit_name`),
  KEY `borrow_ibfk_1` (`deposit_id`),
  CONSTRAINT `borrow_ibfk_1` FOREIGN KEY (`deposit_id`) REFERENCES `deposit` (`id`) ON DELETE CASCADE ON UPDATE CASCADE
) ENGINE=InnoDB AUTO_INCREMENT=75 DEFAULT CHARSET=utf8;
/*!40101 SET character_set_client = @saved_cs_client */;

--
-- Dumping data for table `borrow`
--

LOCK TABLES `borrow` WRITE;
/*!40000 ALTER TABLE `borrow` DISABLE KEYS */;
INSERT INTO `borrow` VALUES (1,3,2,'0912555555','ta',0,'2018-04-30 06:50:26','2018-04-30 06:50:26','','Thẻ sinh viên',1,1,'2018-04-19 15:08:22','2018-04-22 00:46:11','Đỗ Tiến Thịnh','',0,7),(2,1,15,'0989361847','Nguyễn Thành Luân',1,'2018-04-23 17:00:00','2018-04-30 07:14:25','','Thẻ sinh viên',1,0,'2018-04-24 03:32:35','2018-05-22 13:50:48','Admin','Phùng Tiến Anh',14,14),(3,1,8,'0967235214','Trương Thúy Giang',1,'2018-04-23 17:00:00','2018-04-30 06:50:26','Thận','Thành viên CLB',5,0,'2018-04-24 03:40:23','2018-05-22 13:52:35','Admin','Phùng Tiến Anh',14,14),(4,1,5,'01639501564','Nguyễn Đức Duyệt',1,'2018-04-23 17:00:00','2018-04-30 06:50:26','','Thành viên CLB',5,0,'2018-04-24 03:48:03','2018-04-25 16:49:44','Admin','',0,7),(5,1,16,'01626334023','Vũ Thị tuyết',1,'2018-04-23 17:00:00','2018-04-30 06:50:26','Vũ Thị Tuyết','Chứng minh thư',2,0,'2018-04-24 03:51:49','2018-04-25 16:49:47','Admin','',0,7),(6,1,4,'01636662271','Trần Đăng Phong',1,'2018-04-23 17:00:00','2018-04-30 06:50:26','','Thành viên CLB',5,0,'2018-04-24 03:53:07','2018-04-25 16:49:50','Admin','',0,7),(7,1,17,'0967332223','nguyễn Văn dũng',1,'2018-04-23 17:00:00','2018-04-30 06:50:26','Nguyễn Văn Dũng','Thẻ sinh viên',1,0,'2018-04-24 04:00:36','2018-04-25 16:49:36','Admin','',0,7),(8,14,18,'01639296565','Bùi thị Thu Phương',1,'2018-04-09 17:00:00','2018-04-30 06:50:26','Bùi Thị Thu Phương','Bằng lái xe',2,0,'2018-04-24 04:05:51','2018-04-24 14:28:15','Phùng Tiến Anh','',0,7),(9,14,19,'01638377900','Nguyễn Thanh hải',0,'2018-04-09 17:00:00','2018-04-30 06:50:26','Nguyễn Thanh Hải','Bằng lái xe',3,0,'2018-04-24 04:14:39','2018-04-24 14:29:05','Phùng Tiến Anh','',0,7),(10,14,13,'01646045207','Hoàng Thị Quỳnh Trang',1,'2018-04-09 17:00:00','2018-04-30 06:50:26','','Thành viên CLB',5,0,'2018-04-24 04:15:36','2018-04-24 04:15:36','Phùng Tiến Anh','',0,7),(11,14,8,'0967235214','Trương Thúy Giang',0,'2018-04-09 17:00:00','2018-04-30 06:50:26','','Thành viên CLB',5,0,'2018-04-24 04:18:22','2018-04-24 04:18:38','Phùng Tiến Anh','',0,7),(12,14,10,'01688818754','Lê Đình Anh',0,'2018-04-09 17:00:00','2018-04-30 06:50:26','','Thành viên CLB',5,0,'2018-04-24 04:20:08','2018-04-24 04:20:16','Phùng Tiến Anh','',0,7),(13,14,11,'0982176860','Phạm Thị Nhung',1,'2018-04-09 17:00:00','2018-04-30 06:50:26','','Thành viên CLB',5,0,'2018-04-24 04:21:52','2018-04-24 04:21:52','Phùng Tiến Anh','',0,7),(14,14,4,'01636662271','Trần Đăng Phong',0,'2018-04-09 17:00:00','2018-04-30 06:50:26','','Thành viên CLB',5,0,'2018-04-24 04:22:37','2018-04-24 04:22:48','Phùng Tiến Anh','',0,7),(15,14,20,'0985358615','Phùng Quốc Trung',0,'2018-04-09 17:00:00','2018-04-30 06:50:26','50k','Tiền mặt',4,0,'2018-04-24 04:24:07','2018-04-24 04:24:42','Phùng Tiến Anh','',0,7),(16,14,21,'0969306266','Mai phương',0,'2018-04-09 17:00:00','2018-04-30 06:50:26','','Thẻ sinh viên',1,0,'2018-04-24 04:25:56','2018-04-24 04:26:05','Phùng Tiến Anh','',0,7),(17,14,9,'01645062804','nguyễn văn hiếu',1,'2018-04-09 17:00:00','2018-04-30 06:50:26','','Thành viên CLB',5,0,'2018-04-24 04:29:12','2018-04-24 04:29:12','Phùng Tiến Anh','',0,7),(18,14,22,'0989654655','Cô hà',1,'2018-04-09 17:00:00','2018-04-30 06:50:26','','Giảng viên trường',6,0,'2018-04-24 04:35:28','2018-04-24 04:35:28','Phùng Tiến Anh','',0,7),(19,14,24,'01673382234','Nguyễn thị trang',1,'2018-04-30 06:50:26','2018-04-30 06:50:26','trang miêu','Thành viên CLB',5,1,'2018-04-24 08:30:47','2018-04-24 08:34:10','Phùng Tiến Anh','',0,7),(20,14,25,'01656342013','Đoàn thị huyền',0,'2018-04-23 17:00:00','2018-04-30 06:50:26','Huyền yuki','Thành viên CLB',5,0,'2018-04-24 08:32:58','2018-04-26 14:35:38','Phùng Tiến Anh','',0,7),(21,1,13,'01646045207','Hoàng Thị Quỳnh Trang',1,'2018-04-23 17:00:00','2018-04-30 06:50:26','','Thành viên CLB',5,0,'2018-04-24 08:38:57','2018-04-25 16:50:01','Admin','',0,7),(22,1,26,'0971035024','Đặng thị ngọc thúy',1,'2018-04-23 17:00:00','2018-04-30 06:50:26','50k','Chứng minh thư',4,0,'2018-04-24 08:43:08','2018-04-25 16:50:38','Admin','',0,7),(23,1,27,'0962632113','Ngguyễn Thị ngọc Ánh',1,'2018-04-30 06:50:26','2018-04-30 06:50:26','Nguyễn Thị Ngọc Ánh','Chứng minh thư',2,1,'2018-04-24 08:47:40','2018-04-26 09:14:33','Admin','',0,7),(24,1,12,'01699179015','NGÔ THỊ DUYÊN',1,'2018-04-23 17:00:00','2018-04-30 06:50:26','','Thành viên CLB',5,0,'2018-04-24 08:51:37','2018-05-22 14:48:10','Admin','Phùng Tiến Anh',14,14),(25,14,28,'0962787954','Nhữ xuân sơn',0,'2018-04-23 17:00:00','2018-04-29 17:00:00','Nhữ Xuân Sơn','Thẻ sinh viên',1,0,'2018-04-24 08:54:17','2018-05-08 01:52:43','Phùng Tiến Anh','Lại Thị Diễm Phúc',6,7),(26,14,31,'01663932781','Đỗ Thành Đạt',1,'2018-04-23 17:00:00','2018-04-30 06:50:26','70k','Tiền mặt',4,0,'2018-04-24 14:18:52','2018-04-26 14:02:31','Phùng Tiến Anh','',0,7),(27,1,32,'01637635999','Nguyễn Thị Quỳnh Anh',1,'2018-04-23 17:00:00','2018-04-30 06:50:26','Nguyễn Thị Quỳnh Anh','Chứng minh thư',2,0,'2018-04-24 14:25:58','2018-04-25 16:48:09','Admin','',0,7),(28,14,33,'01673624726','Nguyễn Thị thanh hà',0,'2018-04-09 17:00:00','2018-04-30 06:50:26','Nguyễn Thị Thanh Hà','Thẻ sinh viên',1,0,'2018-04-24 14:40:51','2018-04-24 14:41:10','Phùng Tiến Anh','',0,7),(29,14,34,'0977062812','Nguyễn Thu thảo',0,'2018-04-09 17:00:00','2018-04-30 06:50:26','Nguyễn Thu Thảo','Chứng minh thư',2,0,'2018-04-24 14:50:45','2018-04-24 14:57:15','Phùng Tiến Anh','',0,7),(30,14,35,'0946200612','Vũ Thị Thu',1,'2018-04-12 17:00:00','2018-04-30 06:50:26','Vũ Thị Thu','Bằng lái xe',3,0,'2018-04-24 15:03:13','2018-04-24 15:03:13','Phùng Tiến Anh','',0,7),(31,14,36,'0974233522','Nguyễn Văn Bắc',0,'2018-04-12 17:00:00','2018-04-30 06:50:26','Nguyễn Văn Bắc','Thẻ sinh viên',1,0,'2018-04-24 15:15:57','2018-04-24 15:16:27','Phùng Tiến Anh','',0,7),(32,14,32,'01637635999','Nguyễn Thị Quỳnh Anh',0,'2018-04-12 17:00:00','2018-04-30 06:50:26','Nguyễn Thị Quỳnh Anh','Thẻ sinh viên',1,0,'2018-04-24 15:18:59','2018-04-24 15:19:04','Phùng Tiến Anh','',0,7),(33,14,37,'0967805859','Lê Văn Tri',1,'2018-04-12 17:00:00','2018-04-30 06:50:26','Lê Văn Tri','Chứng minh thư',2,0,'2018-04-24 15:21:07','2018-04-24 15:21:07','Phùng Tiến Anh','',0,7),(34,14,38,'0975089245','Nguyễn Phương Thảo',0,'2018-04-12 17:00:00','2018-04-30 06:50:26','Nguyễn Phương Thảo','Chứng minh thư',2,0,'2018-04-24 15:24:40','2018-04-24 15:24:51','Phùng Tiến Anh','',0,7),(35,14,39,'0961996894','Đặng Thị Hoàn',0,'2018-04-12 17:00:00','2018-04-30 06:50:26','Đặng Thị Hoàn','Chứng minh thư',2,0,'2018-04-24 15:33:57','2018-04-24 15:34:06','Phùng Tiến Anh','',0,7),(36,14,23,'01647550598','Nguyễn Hoàng Dương',0,'2018-04-23 17:00:00','2018-04-30 06:50:26','','Thành viên CLB',5,0,'2018-04-26 09:26:13','2018-04-26 10:36:59','Phùng Tiến Anh','',0,7),(37,14,41,'01652345431','Phạm Thị Thảo Huyền',0,'2018-04-12 17:00:00','2018-04-30 06:50:26','Phạm Thị Thảo Huyền','Bằng lái xe',3,0,'2018-04-26 10:10:35','2018-04-26 10:10:44','Phùng Tiến Anh','',0,7),(38,14,42,'0961142622','Bùi Quang Trung',0,'2018-04-16 17:00:00','2018-04-30 06:50:26','','Chứng minh thư',2,0,'2018-04-26 10:18:01','2018-04-26 10:18:28','Phùng Tiến Anh','',0,7),(39,14,20,'0985358615','Phùng Quốc Trung',0,'2018-04-16 17:00:00','2018-04-30 06:50:26','50K','Tiền mặt',4,0,'2018-04-26 10:21:02','2018-04-26 10:23:28','Phùng Tiến Anh','',0,7),(40,14,43,'01675577021','Nguyễn Đình Đức',0,'2018-04-16 17:00:00','2018-04-30 06:50:26','','Thẻ sinh viên',1,0,'2018-04-26 10:23:06','2018-04-26 10:23:59','Phùng Tiến Anh','',0,7),(41,14,44,'01667951267','Hà Thị Huệ',0,'2018-04-16 17:00:00','2018-04-30 06:50:26','50K','Tiền mặt',4,0,'2018-04-26 10:26:28','2018-04-26 10:26:56','Phùng Tiến Anh','',0,7),(42,14,23,'01647550598','Nguyễn Hoàng Dương',0,'2018-04-16 17:00:00','2018-04-30 06:50:26','','Thành viên CLB',5,0,'2018-04-26 10:35:32','2018-04-26 10:35:41','Phùng Tiến Anh','',0,7),(43,14,27,'0962632113','Ngguyễn Thị Ngọc Anh',1,'2018-04-23 17:00:00','2018-04-30 06:50:26','','Chứng minh thư',2,0,'2018-04-26 10:47:06','2018-04-26 10:47:06','Phùng Tiến Anh','',0,7),(44,14,45,'01293737595','Nguyễn Thị hạnh',1,'2018-04-16 17:00:00','2018-04-30 06:50:26','','Thẻ sinh viên',1,0,'2018-04-26 13:46:25','2018-04-26 13:46:25','Phùng Tiến Anh','',0,7),(45,14,8,'0967235214','Trương Thúy Giang',0,'2018-04-30 06:50:26','2018-04-30 06:50:26','','Thẻ sinh viên',5,1,'2018-04-26 13:48:24','2018-04-26 13:49:25','Phùng Tiến Anh','',0,7),(46,14,8,'0967235214','Trương Thúy Giang',1,'2018-04-16 17:00:00','2018-04-30 06:50:26','','Thành viên CLB',5,0,'2018-04-26 13:49:46','2018-04-26 13:49:46','Phùng Tiến Anh','',0,7),(47,14,7,'0971355665','Hồ Văn Lộc',0,'2018-04-16 17:00:00','2018-04-30 06:50:26','','Thành viên CLB',5,0,'2018-04-26 13:51:17','2018-04-26 13:51:45','Phùng Tiến Anh','',0,7),(48,14,12,'01699179015','NGÔ THỊ DUYÊN',0,'2018-04-30 06:50:26','2018-04-30 06:50:26','','Thẻ sinh viên',5,1,'2018-04-26 13:54:40','2018-04-26 13:55:41','Phùng Tiến Anh','',0,7),(49,14,12,'01699179015','NGÔ THỊ DUYÊN',0,'2018-04-16 17:00:00','2018-04-30 06:50:26','','Thành viên CLB',5,0,'2018-04-26 13:56:15','2018-04-26 13:56:33','Phùng Tiến Anh','',0,7),(50,14,4,'01636662271','Trần Đăng Phong',0,'2018-04-25 17:00:00','2018-05-07 17:00:00','','Thành viên CLB',5,0,'2018-04-26 13:57:43','2018-05-22 14:49:33','Phùng Tiến Anh','Phùng Tiến Anh',14,7),(51,14,31,'01663932781','Đỗ Thành Đạt',0,'2018-04-16 17:00:00','2018-04-29 17:00:00','70K','Tiền mặt',4,0,'2018-04-26 14:01:31','2018-05-01 15:27:37','Phùng Tiến Anh','Admin',1,7),(52,14,46,'0988998245','Nguyễn Thị Thủ',0,'2018-04-16 17:00:00','2018-04-30 06:50:26','','Chứng minh thư',2,0,'2018-04-26 14:06:12','2018-04-26 14:06:29','Phùng Tiến Anh','',0,7),(53,14,47,'01675975567','nguyễn đức đường',0,'2018-04-19 17:00:00','2018-04-30 06:50:26','','Thẻ sinh viên',1,0,'2018-04-26 14:08:34','2018-04-26 14:10:23','Phùng Tiến Anh','',0,7),(54,14,47,'01675975567','nguyễn đức đường',1,'2018-04-26 17:00:00','2018-04-30 06:50:26','','Thẻ sinh viên',1,0,'2018-04-26 14:11:02','2018-04-30 16:52:59','Phùng Tiến Anh','Admin',1,7),(55,14,10,'01688818754','Lê Đình Anh',0,'2018-04-19 17:00:00','2018-05-07 17:00:00','','Thành viên CLB',5,0,'2018-04-26 14:12:11','2018-05-22 14:12:56','Phùng Tiến Anh','Phùng Tiến Anh',14,14),(56,14,20,'0985358615','Phùng Quốc Trung',0,'2018-04-19 17:00:00','2018-05-07 17:00:00','','Chứng minh thư',2,0,'2018-04-26 14:14:23','2018-05-22 13:52:05','Phùng Tiến Anh','Phùng Tiến Anh',14,7),(57,14,41,'01652345431','Phạm Thị Thảo Huyền',1,'2018-04-19 17:00:00','2018-04-30 06:50:26','HVTC','Thẻ sinh viên',1,0,'2018-04-26 14:22:23','2018-04-26 14:22:23','Phùng Tiến Anh','',0,7),(58,14,29,'01636348811','Hoàng Thị Ngọc Ánh',0,'2018-04-19 17:00:00','2018-04-30 06:50:26','','Thành viên CLB',5,0,'2018-04-26 14:31:00','2018-04-26 14:31:24','Phùng Tiến Anh','',0,7),(59,14,29,'01636348811','Hoàng Thị Ngọc Ánh',1,'2018-04-19 17:00:00','2018-04-30 06:50:26','','Thành viên CLB',5,0,'2018-04-26 14:32:08','2018-04-26 14:32:08','Phùng Tiến Anh','',0,7),(60,14,48,'01676324726','Nguyễn Thị Thanh Hà',0,'2018-04-19 17:00:00','2018-04-30 06:50:26','','Thẻ sinh viên',1,0,'2018-04-26 14:33:58','2018-04-26 14:34:08','Phùng Tiến Anh','',0,7),(61,14,25,'01656342013','Đoàn thị huyền',0,'2018-04-23 17:00:00','2018-04-29 17:00:00','','Thẻ sinh viên',1,0,'2018-04-26 14:36:37','2018-05-08 01:52:21','Phùng Tiến Anh','Lại Thị Diễm Phúc',6,7),(62,14,49,'01677715047','Đồng Văn Tuấn',0,'2018-04-26 17:00:00','2018-04-29 17:00:00','Đồng Văn Tuấn','Chứng minh thư',2,0,'2018-04-27 06:03:32','2018-05-08 02:37:07','Phùng Tiến Anh','Lại Thị Diễm Phúc',6,7),(63,14,4,'01636662271','Trần Đăng Phong',0,'2018-04-30 06:50:26','2018-04-30 06:50:26','Trần','Thẻ sinh viên',1,1,'2018-04-27 06:05:06','2018-04-27 06:05:19','Phùng Tiến Anh','',0,7),(64,14,50,'01676594865','HẤMK',0,'2018-04-30 06:50:26','2018-04-30 06:50:26','tRÂZNF','Bằng lái xe',3,1,'2018-04-27 06:08:00','2018-04-27 06:08:49','Phùng Tiến Anh','',0,7),(65,1,3,'01634254440','Phạm Bảo Tú',0,'2018-04-29 17:00:00','2018-04-30 17:00:00','','Thẻ sinh viên',1,1,'2018-04-30 16:53:21','2018-04-30 16:53:40','Admin','Admin',1,7),(66,6,52,'01627578582','Đặng Thị Duyên',0,'2018-05-07 17:00:00','2018-05-15 17:00:00','','Thành viên CLB',5,0,'2018-05-08 02:09:34','2018-05-16 03:36:01','Lại Thị Diễm Phúc','Phùng Tiến Anh',14,7),(67,18,53,'04023423424','smklfhfnsk',0,'2018-05-17 17:00:00','2018-05-17 17:00:00','','Thẻ sinh viên',1,1,'2018-05-18 01:09:21','2018-05-18 01:11:45','Nguyễn Quỳnh Tú','Nguyễn Quỳnh Tú',18,7),(68,18,54,'01677842530','Voong Duy Quang',1,'2018-05-14 17:00:00',NULL,'','Chứng minh thư',2,0,'2018-05-18 01:14:56','2018-05-18 01:14:56','Nguyễn Quỳnh Tú','',0,7),(69,18,9,'01645062804','Nguyễn Văn Hiếu',1,'2018-05-17 17:00:00',NULL,'','Thẻ sinh viên',1,0,'2018-05-18 01:41:00','2018-05-18 01:41:00','Nguyễn Quỳnh Tú','',0,7),(70,14,21,'0969306266','Mai Phương',1,'2018-05-07 17:00:00',NULL,'','Thẻ sinh viên',1,0,'2018-05-22 13:56:56','2018-05-22 14:09:18','Phùng Tiến Anh','Phùng Tiến Anh',14,7),(71,14,55,'0944262896','Lưu Thị Thu Hà',1,'2018-05-21 17:00:00',NULL,'','Thẻ sinh viên',1,0,'2018-05-22 14:10:16','2018-05-22 14:10:19','Phùng Tiến Anh','Phùng Tiến Anh',14,7),(72,14,56,'0983948971','Bùi Thị Ngân',1,'2018-05-21 17:00:00',NULL,'','Giảng viên trường',6,0,'2018-05-22 14:26:05','2018-05-22 14:26:19','Phùng Tiến Anh','Phùng Tiến Anh',14,7),(73,14,25,'01656342013','Đoàn Thị Huyền',1,'2018-05-07 17:00:00',NULL,'','Cộng tác viên',7,0,'2018-05-22 14:34:57','2018-05-22 14:34:57','Phùng Tiến Anh','',0,7),(74,18,59,'0936088427','Phạm Trường Giang',1,'2018-05-24 17:00:00',NULL,'','Thành viên CLB',5,0,'2018-05-25 03:41:23','2018-05-25 03:41:23','Nguyễn Quỳnh Tú','',0,7);
/*!40000 ALTER TABLE `borrow` ENABLE KEYS */;
UNLOCK TABLES;

--
-- Table structure for table `borrow_book`
--

DROP TABLE IF EXISTS `borrow_book`;
/*!40101 SET @saved_cs_client     = @@character_set_client */;
/*!40101 SET character_set_client = utf8 */;
CREATE TABLE `borrow_book` (
  `id` int(11) NOT NULL AUTO_INCREMENT,
  `borrow_id` int(11) NOT NULL,
  `book_id` int(11) NOT NULL,
  `book_name` varchar(100) NOT NULL,
  `status` tinyint(1) DEFAULT '1',
  `borrow_date` timestamp NULL DEFAULT NULL,
  PRIMARY KEY (`id`),
  KEY `borrow_book_ibfk_1` (`borrow_id`),
  CONSTRAINT `borrow_book_ibfk_1` FOREIGN KEY (`borrow_id`) REFERENCES `borrow` (`id`) ON DELETE NO ACTION ON UPDATE NO ACTION
) ENGINE=InnoDB AUTO_INCREMENT=306 DEFAULT CHARSET=utf8;
/*!40101 SET character_set_client = @saved_cs_client */;

--
-- Dumping data for table `borrow_book`
--

LOCK TABLES `borrow_book` WRITE;
/*!40000 ALTER TABLE `borrow_book` DISABLE KEYS */;
INSERT INTO `borrow_book` VALUES (22,10,91,'Không gia đình',1,'2018-04-09 17:00:00'),(24,11,601,'Lịch sử Việt Nam',0,'2018-04-09 17:00:00'),(29,12,172,'Thần thoại Hy Lạp',0,'2018-04-09 17:00:00'),(30,13,598,'You can win',1,'2018-04-09 17:00:00'),(31,13,602,'Khi lỗi thuộc về những vì sao',1,'2018-04-09 17:00:00'),(34,14,440,'301 câu đàm thoại tiếng hoa',0,'2018-04-09 17:00:00'),(36,15,544,'Nhà giả kim ',0,'2018-04-09 17:00:00'),(39,16,215,'Café yêu',0,'2018-04-09 17:00:00'),(40,17,603,'Tôi thấy hoa vàng trên cỏ hoa',1,'2018-04-09 17:00:00'),(41,18,488,'Đàn ông sao hỏa, đàn bà sao kim trong tình yêu',1,'2018-04-09 17:00:00'),(60,8,186,'Truyện ngắn kỳ lạ',1,'2018-04-09 17:00:00'),(61,9,375,'Chính Trị Luận',0,'2018-04-09 17:00:00'),(62,9,598,'You can win',0,'2018-04-09 17:00:00'),(67,28,610,'Totochan bên cửa sổ',0,'2018-04-09 17:00:00'),(68,28,360,'Yêu thương là định mệnh',0,'2018-04-09 17:00:00'),(72,29,611,'600 truyện cười',0,'2018-04-09 17:00:00'),(73,30,612,'Tuổi 20 - Sức hút từ kĩ năng giao tiếp',1,'2018-04-12 17:00:00'),(80,31,500,'Hạnh phúc không khó tìm tập 2',0,'2018-04-12 17:00:00'),(81,31,558,'Quà tặng cuộc sống',0,'2018-04-12 17:00:00'),(82,31,506,'Hạt giống tâm hồn: Nguồn sáng tình yêu',0,'2018-04-12 17:00:00'),(85,32,259,'Giông tố',0,'2018-04-12 17:00:00'),(86,33,465,'Cách ứng xử sắp xếp cuộc sống và quản lý, kinh tế gia đình',1,'2018-04-12 17:00:00'),(87,33,574,'Tôi là Jack Ma',1,'2018-04-12 17:00:00'),(92,34,192,'Vấn vương đến chết',0,'2018-04-12 17:00:00'),(93,34,498,'Đừng bao giờ từ bỏ ước mơ',0,'2018-04-12 17:00:00'),(97,35,605,'Tìm lại cái tôi đã mất',0,'2018-04-12 17:00:00'),(106,27,609,'Ruồi trâu',1,'2018-04-23 17:00:00'),(107,27,337,'Thời xa vắng ',1,'2018-04-23 17:00:00'),(115,7,608,'Thuyết sao cho phục',1,'2018-04-23 17:00:00'),(118,4,515,'Kỹ năng sống và làm việc',1,'2018-04-23 17:00:00'),(119,5,557,'Phụ nữ tuổi 20 ',1,'2018-04-23 17:00:00'),(120,5,600,'Tìm đường tuổi 20',1,'2018-04-23 17:00:00'),(121,6,124,'Nhân gian đâu chỉ riêng anh',1,'2018-04-23 17:00:00'),(125,21,91,'Không gia đình',1,'2018-04-23 17:00:00'),(126,22,584,'Thế giới khí tượng thủy văn - những điều lí thú',1,'2018-04-23 17:00:00'),(127,22,407,'Những người đi tìm Lửa',1,'2018-04-23 17:00:00'),(134,37,614,'Hành trình về Phương Đông',0,'2018-04-12 17:00:00'),(135,37,87,'Kiêu hãnh và định kiến',0,'2018-04-12 17:00:00'),(138,38,561,'Quảng gánh lo đi và vui sống',0,'2018-04-16 17:00:00'),(143,39,495,'Đời thay đổi khi chúng ta thay đổi',0,'2018-04-16 17:00:00'),(144,39,615,'Ngay bây giờ hoặc không bao giờ',0,'2018-04-16 17:00:00'),(147,40,54,'Dự án Rosie',0,'2018-04-16 17:00:00'),(148,40,93,'Lạc vào tình anh',0,'2018-04-16 17:00:00'),(157,41,154,'Tìm lại tình yêu',0,'2018-04-16 17:00:00'),(158,41,146,'Rừng Na-uy',0,'2018-04-16 17:00:00'),(163,42,613,'Kế hoạch hoàn hảo',0,'2018-04-16 17:00:00'),(168,36,613,'Kế hoạch hoàn hảo',0,'2018-04-23 17:00:00'),(169,36,173,'Thép đã tôi thế đấy',0,'2018-04-23 17:00:00'),(170,43,171,'Tường Vi đêm đầu tiên',1,'2018-04-23 17:00:00'),(171,44,616,'Chữa lành nỗi đau',1,'2018-04-16 17:00:00'),(172,44,543,'Người thông minh không làm việc một mình',1,'2018-04-16 17:00:00'),(180,46,601,'Lịch sử Việt Nam',1,'2018-04-16 17:00:00'),(185,47,607,'Không đến một',0,'2018-04-16 17:00:00'),(186,47,606,'Trên đường băng',0,'2018-04-16 17:00:00'),(204,49,617,'Người đi bỏ mặc nhân gian',0,'2018-04-16 17:00:00'),(205,49,577,'Tôi tự học',0,'2018-04-16 17:00:00'),(214,26,533,'Nếu tôi biết được khi còn 20',1,'2018-04-23 17:00:00'),(215,26,446,'7 thói quen của bạn trẻ thành đạt',1,'2018-04-23 17:00:00'),(217,52,619,'Thiện ác smartphone',0,'2018-04-16 17:00:00'),(220,53,620,'Tam quốc diễn nghĩa',0,'2018-04-19 17:00:00'),(221,53,562,'Quốc gia khởi nghiệp ',0,'2018-04-19 17:00:00'),(226,57,614,'Hành trình về Phương Đông',1,'2018-04-19 17:00:00'),(227,57,87,'Kiêu hãnh và định kiến',1,'2018-04-19 17:00:00'),(229,58,621,'Đừng đợi đến khi tốt nghiệp đại học',0,'2018-04-19 17:00:00'),(230,59,519,'Khi bạn chỉ có một mình tập 16',1,'2018-04-19 17:00:00'),(231,59,587,'Thuyết trình thât đơn giản',1,'2018-04-19 17:00:00'),(234,60,360,'Yêu thương là định mệnh',0,'2018-04-19 17:00:00'),(235,60,610,'Totochan bên cửa sổ',0,'2018-04-19 17:00:00'),(236,20,604,'Chú bé nhút nhát',0,'2018-04-23 17:00:00'),(246,54,620,'Tam quốc diễn nghĩa',1,'2018-04-26 17:00:00'),(247,54,562,'Quốc gia khởi nghiệp ',1,'2018-04-26 17:00:00'),(253,51,533,'Nếu tôi biết được khi còn 20',0,'2018-04-16 17:00:00'),(254,51,446,'7 thói quen của bạn trẻ thành đạt',0,'2018-04-16 17:00:00'),(257,61,622,'Búp sen xanh',0,'2018-04-23 17:00:00'),(260,25,606,'Trên đường băng',0,'2018-04-23 17:00:00'),(261,25,607,'Không đến một',0,'2018-04-23 17:00:00'),(263,62,626,'Đen tuyền và đỏ rực',0,'2018-04-26 17:00:00'),(267,66,268,'Làm gì khi bị tình phụ',0,'2018-05-07 17:00:00'),(270,68,413,'Sổ tay kiến thức Lịch Sử ( phần lịch sử thế giới )',1,'2018-05-14 17:00:00'),(271,68,633,'Napoleon',1,'2018-05-14 17:00:00'),(272,69,578,'Tuổi trẻ của các thiên tài',1,'2018-05-17 17:00:00'),(273,2,536,'Nghệ thuật quyến rũ',1,'2018-04-23 17:00:00'),(274,56,463,'Cách sống từ bình thường trở nên phi thường',0,'2018-04-19 17:00:00'),(275,3,599,'Em sẽ đến cùng cơn mưa',1,'2018-04-23 17:00:00'),(279,70,634,'Bài học kì diệu từ chiếc xe rác',1,'2018-05-07 17:00:00'),(280,70,501,'Hạnh phúc ở quanh ta',1,'2018-05-07 17:00:00'),(283,71,635,'Gulivo du kí',1,'2018-05-21 17:00:00'),(284,71,603,'Tôi thấy hoa vàng trên cỏ xanh',1,'2018-05-21 17:00:00'),(286,55,528,'Một nửa của 13 là 8',0,'2018-04-19 17:00:00'),(287,55,147,'Sa ngã',0,'2018-04-19 17:00:00'),(290,72,636,'Triệu phú bất hạnh',1,'2018-05-21 17:00:00'),(291,72,637,'Bỏ gánh lo đi để vui sống',1,'2018-05-21 17:00:00'),(292,73,625,'Tớ muốn ăn tụy của cậu',1,'2018-05-07 17:00:00'),(301,24,605,'Tìm lại cái tôi đã mất',1,'2018-04-23 17:00:00'),(302,24,173,'Thép đã tôi thế đấy',1,'2018-04-23 17:00:00'),(303,50,77,'Hoàng tử bé',0,'2018-04-25 17:00:00'),(304,50,618,'Bay trên tổ chim cúc cu',0,'2018-04-25 17:00:00'),(305,74,638,'Số ít được lựa chọn',1,'2018-05-24 17:00:00');
/*!40000 ALTER TABLE `borrow_book` ENABLE KEYS */;
UNLOCK TABLES;

--
-- Table structure for table `borrow_history`
--

DROP TABLE IF EXISTS `borrow_history`;
/*!40101 SET @saved_cs_client     = @@character_set_client */;
/*!40101 SET character_set_client = utf8 */;
CREATE TABLE `borrow_history` (
  `id` int(11) NOT NULL AUTO_INCREMENT,
  `action` varchar(50) DEFAULT NULL,
  `change_list` varchar(1000) DEFAULT '[]',
  `borrow_id` int(11) DEFAULT NULL,
  `borrow_book` varchar(10000) DEFAULT NULL,
  `user_id` int(11) DEFAULT NULL,
  `user_name` varchar(50) DEFAULT NULL,
  `status` tinyint(1) NOT NULL DEFAULT '1',
  `borrow_date` timestamp NULL DEFAULT NULL,
  `pay_date` timestamp NULL DEFAULT NULL,
  `note` varchar(10000) DEFAULT NULL,
  `deposit_name` varchar(50) NOT NULL,
  `deposit_id` int(11) NOT NULL DEFAULT '1',
  `created_at` timestamp NULL DEFAULT NULL,
  PRIMARY KEY (`id`)
) ENGINE=InnoDB AUTO_INCREMENT=44 DEFAULT CHARSET=utf8;
/*!40101 SET character_set_client = @saved_cs_client */;

--
-- Dumping data for table `borrow_history`
--

LOCK TABLES `borrow_history` WRITE;
/*!40000 ALTER TABLE `borrow_history` DISABLE KEYS */;
INSERT INTO `borrow_history` VALUES (1,'update','[\"pay_date\"]',54,'[{\"id\":246,\"book_id\":620,\"book_name\":\"Tam quốc diễn nghĩa\",\"status\":1},{\"id\":247,\"book_id\":562,\"book_name\":\"Quốc gia khởi nghiệp \",\"status\":1}]',1,'Admin',1,'2018-04-26 17:00:00',NULL,'','Thẻ sinh viên',1,'2018-04-30 16:52:59'),(2,'create','[\"status\",\"borrow_date\",\"note\",\"deposit_name\",\"borrow_book\"]',65,'[{\"id\":248,\"book_id\":430,\"book_name\":\"10 bí quyết thành công  \",\"status\":1}]',1,'Admin',1,'2018-04-29 17:00:00',NULL,'','Thẻ sinh viên',1,'2018-04-30 16:53:21'),(3,'update','[\"status\",\"pay_date\"]',65,'[{\"id\":249,\"book_id\":430,\"book_name\":\"10 bí quyết thành công  \",\"status\":0}]',1,'Admin',0,'2018-04-29 17:00:00','2018-04-29 17:00:00','','Thẻ sinh viên',1,'2018-04-30 16:53:24'),(4,'update','[\"pay_date\"]',65,'[{\"id\":250,\"book_id\":430,\"book_name\":\"10 bí quyết thành công  \",\"status\":0}]',1,'Admin',0,'2018-04-29 17:00:00','2018-04-30 17:00:00','','Thẻ sinh viên',1,'2018-04-30 16:53:33'),(5,'delete','[\"borrow_date\"]',65,'[]',1,'Admin',1,NULL,NULL,'','',1,'2018-04-30 16:53:40'),(6,'update','[\"pay_date\"]',51,'[{\"id\":251,\"book_id\":533,\"book_name\":\"Nếu tôi biết được khi còn 20\",\"status\":0},{\"id\":252,\"book_id\":446,\"book_name\":\"7 thói quen của bạn trẻ thành đạt\",\"status\":0}]',1,'Admin',0,'2018-04-16 17:00:00','2018-04-23 17:00:00','70K','Tiền mặt',4,'2018-05-01 15:27:24'),(7,'update','[\"pay_date\"]',51,'[{\"id\":253,\"book_id\":533,\"book_name\":\"Nếu tôi biết được khi còn 20\",\"status\":0},{\"id\":254,\"book_id\":446,\"book_name\":\"7 thói quen của bạn trẻ thành đạt\",\"status\":0}]',1,'Admin',0,'2018-04-16 17:00:00','2018-04-29 17:00:00','70K','Tiền mặt',4,'2018-05-01 15:27:37'),(8,'update','[\"status\",\"pay_date\"]',61,'[{\"id\":255,\"book_id\":622,\"book_name\":\"Búp sen xanh\",\"status\":0}]',6,'Lại Thị Diễm Phúc',0,'2018-04-23 17:00:00','2018-04-29 17:00:00','','Thẻ sinh viên',1,'2018-05-08 01:51:50'),(9,'update','[]',61,'[{\"id\":256,\"book_id\":622,\"book_name\":\"Búp sen xanh\",\"status\":0}]',6,'Lại Thị Diễm Phúc',0,'2018-04-23 17:00:00','2018-04-29 17:00:00','','Thẻ sinh viên',1,'2018-05-08 01:51:58'),(10,'update','[]',61,'[{\"id\":257,\"book_id\":622,\"book_name\":\"Búp sen xanh\",\"status\":0}]',6,'Lại Thị Diễm Phúc',0,'2018-04-23 17:00:00','2018-04-29 17:00:00','','Thẻ sinh viên',1,'2018-05-08 01:52:21'),(11,'update','[\"status\",\"pay_date\"]',25,'[{\"id\":258,\"book_id\":606,\"book_name\":\"Trên đường băng\",\"status\":0},{\"id\":259,\"book_id\":607,\"book_name\":\"Không đến một\",\"status\":0}]',6,'Lại Thị Diễm Phúc',0,'2018-04-23 17:00:00','2018-04-29 17:00:00','Nhữ Xuân Sơn','Thẻ sinh viên',1,'2018-05-08 01:52:41'),(12,'update','[]',25,'[{\"id\":260,\"book_id\":606,\"book_name\":\"Trên đường băng\",\"status\":0},{\"id\":261,\"book_id\":607,\"book_name\":\"Không đến một\",\"status\":0}]',6,'Lại Thị Diễm Phúc',0,'2018-04-23 17:00:00','2018-04-29 17:00:00','Nhữ Xuân Sơn','Thẻ sinh viên',1,'2018-05-08 01:52:43'),(13,'create','[\"status\",\"borrow_date\",\"note\",\"deposit_name\",\"borrow_book\"]',66,'[{\"id\":262,\"book_id\":268,\"book_name\":\"Làm gì khi bị tình phụ\",\"status\":1}]',6,'Lại Thị Diễm Phúc',1,'2018-05-07 17:00:00',NULL,'','Thành viên CLB',5,'2018-05-08 02:09:34'),(14,'update','[\"status\",\"pay_date\"]',62,'[{\"id\":263,\"book_id\":626,\"book_name\":\"Đen tuyền và đỏ rực\",\"status\":0}]',6,'Lại Thị Diễm Phúc',0,'2018-04-26 17:00:00','2018-04-29 17:00:00','Đồng Văn Tuấn','Chứng minh thư',2,'2018-05-08 02:37:07'),(15,'update','[\"pay_date\"]',3,'[{\"id\":264,\"book_id\":599,\"book_name\":\"Em sẽ đến cùng cơn mưa\",\"status\":1}]',6,'Lại Thị Diễm Phúc',1,'2018-04-23 17:00:00',NULL,'Thận','Thành viên CLB',5,'2018-05-08 02:57:31'),(16,'update','[\"status\",\"pay_date\"]',66,'[{\"id\":265,\"book_id\":268,\"book_name\":\"Làm gì khi bị tình phụ\",\"status\":0}]',14,'Phùng Tiến Anh',0,'2018-05-07 17:00:00','2018-05-15 17:00:00','','Thành viên CLB',5,'2018-05-16 03:35:24'),(17,'update','[]',66,'[{\"id\":266,\"book_id\":268,\"book_name\":\"Làm gì khi bị tình phụ\",\"status\":0}]',14,'Phùng Tiến Anh',0,'2018-05-07 17:00:00','2018-05-15 17:00:00','','Thành viên CLB',5,'2018-05-16 03:35:48'),(18,'update','[]',66,'[{\"id\":267,\"book_id\":268,\"book_name\":\"Làm gì khi bị tình phụ\",\"status\":0}]',14,'Phùng Tiến Anh',0,'2018-05-07 17:00:00','2018-05-15 17:00:00','','Thành viên CLB',5,'2018-05-16 03:36:01'),(19,'create','[\"status\",\"borrow_date\",\"note\",\"deposit_name\",\"borrow_book\"]',67,'[{\"id\":268,\"book_id\":441,\"book_name\":\"37 tình huống, quản lý nhân sự điển hình trong doanh nghiệp\",\"status\":1}]',18,'Nguyễn Quỳnh Tú',1,'2018-05-17 17:00:00',NULL,'','Thẻ sinh viên',1,'2018-05-18 01:09:21'),(20,'update','[\"status\",\"pay_date\"]',67,'[{\"id\":269,\"book_id\":441,\"book_name\":\"37 tình huống, quản lý nhân sự điển hình trong doanh nghiệp\",\"status\":0}]',18,'Nguyễn Quỳnh Tú',0,'2018-05-17 17:00:00','2018-05-17 17:00:00','','Thẻ sinh viên',1,'2018-05-18 01:11:04'),(21,'delete','[\"borrow_date\"]',67,'[]',18,'Nguyễn Quỳnh Tú',1,NULL,NULL,'','',1,'2018-05-18 01:11:45'),(22,'create','[\"status\",\"borrow_date\",\"note\",\"deposit_name\",\"borrow_book\"]',68,'[{\"id\":270,\"book_id\":413,\"book_name\":\"Sổ tay kiến thức Lịch Sử ( phần lịch sử thế giới )\",\"status\":1},{\"id\":271,\"book_id\":633,\"book_name\":\"Napoleon\",\"status\":1}]',18,'Nguyễn Quỳnh Tú',1,'2018-05-14 17:00:00',NULL,'','Chứng minh thư',2,'2018-05-18 01:14:56'),(23,'create','[\"status\",\"borrow_date\",\"note\",\"deposit_name\",\"borrow_book\"]',69,'[{\"id\":272,\"book_id\":578,\"book_name\":\"Tuổi trẻ của các thiên tài\",\"status\":1}]',18,'Nguyễn Quỳnh Tú',1,'2018-05-17 17:00:00',NULL,'','Thẻ sinh viên',1,'2018-05-18 01:41:00'),(24,'update','[\"pay_date\"]',2,'[{\"id\":273,\"book_id\":536,\"book_name\":\"Nghệ thuật quyến rũ\",\"status\":1}]',14,'Phùng Tiến Anh',1,'2018-04-23 17:00:00',NULL,'','Thẻ sinh viên',1,'2018-05-22 13:50:48'),(25,'update','[\"status\",\"pay_date\"]',56,'[{\"id\":274,\"book_id\":463,\"book_name\":\"Cách sống từ bình thường trở nên phi thường\",\"status\":0}]',14,'Phùng Tiến Anh',0,'2018-04-19 17:00:00','2018-05-07 17:00:00','','Chứng minh thư',2,'2018-05-22 13:52:05'),(26,'update','[\"pay_date\"]',3,'[{\"id\":275,\"book_id\":599,\"book_name\":\"Em sẽ đến cùng cơn mưa\",\"status\":1}]',14,'Phùng Tiến Anh',1,'2018-04-23 17:00:00',NULL,'Thận','Thành viên CLB',5,'2018-05-22 13:52:35'),(27,'create','[\"status\",\"borrow_date\",\"note\",\"deposit_name\",\"borrow_book\"]',70,'[{\"id\":276,\"book_id\":634,\"book_name\":\"Bài học kì diệu từ chiếc xe rác\",\"status\":1}]',14,'Phùng Tiến Anh',1,'2018-05-07 17:00:00',NULL,'','Thẻ sinh viên',1,'2018-05-22 13:56:56'),(28,'update','[\"borrow_book\"]',70,'[{\"id\":277,\"book_id\":634,\"book_name\":\"Bài học kì diệu từ chiếc xe rác\",\"status\":1},{\"id\":278,\"book_id\":501,\"book_name\":\"Hạnh phúc ở quanh ta\",\"status\":1}]',14,'Phùng Tiến Anh',1,'2018-05-07 17:00:00',NULL,'','Thẻ sinh viên',1,'2018-05-22 14:02:55'),(29,'update','[]',70,'[{\"id\":279,\"book_id\":634,\"book_name\":\"Bài học kì diệu từ chiếc xe rác\",\"status\":1},{\"id\":280,\"book_id\":501,\"book_name\":\"Hạnh phúc ở quanh ta\",\"status\":1}]',14,'Phùng Tiến Anh',1,'2018-05-07 17:00:00',NULL,'','Thẻ sinh viên',1,'2018-05-22 14:09:18'),(30,'create','[\"status\",\"borrow_date\",\"note\",\"deposit_name\",\"borrow_book\"]',71,'[{\"id\":281,\"book_id\":635,\"book_name\":\"Gulivo du kí\",\"status\":1},{\"id\":282,\"book_id\":603,\"book_name\":\"Tôi thấy hoa vàng trên cỏ xanh\",\"status\":1}]',14,'Phùng Tiến Anh',1,'2018-05-21 17:00:00',NULL,'','Thẻ sinh viên',1,'2018-05-22 14:10:16'),(31,'update','[]',71,'[{\"id\":283,\"book_id\":635,\"book_name\":\"Gulivo du kí\",\"status\":1},{\"id\":284,\"book_id\":603,\"book_name\":\"Tôi thấy hoa vàng trên cỏ xanh\",\"status\":1}]',14,'Phùng Tiến Anh',1,'2018-05-21 17:00:00',NULL,'','Thẻ sinh viên',1,'2018-05-22 14:10:19'),(32,'update','[\"status\",\"pay_date\"]',55,'[{\"id\":285,\"book_id\":528,\"book_name\":\"Một nửa của 13 là 8\",\"status\":0}]',14,'Phùng Tiến Anh',0,'2018-04-19 17:00:00','2018-05-07 17:00:00','','Thành viên CLB',5,'2018-05-22 14:12:29'),(33,'update','[\"borrow_book\"]',55,'[{\"id\":286,\"book_id\":528,\"book_name\":\"Một nửa của 13 là 8\",\"status\":0},{\"id\":287,\"book_id\":147,\"book_name\":\"Sa ngã\",\"status\":0}]',14,'Phùng Tiến Anh',0,'2018-04-19 17:00:00','2018-05-07 17:00:00','','Thành viên CLB',5,'2018-05-22 14:12:56'),(34,'create','[\"status\",\"borrow_date\",\"note\",\"deposit_name\",\"borrow_book\"]',72,'[{\"id\":288,\"book_id\":636,\"book_name\":\"Triệu phú bất hạnh\",\"status\":1},{\"id\":289,\"book_id\":637,\"book_name\":\"Bỏ gánh lo đi để vui sống\",\"status\":1}]',14,'Phùng Tiến Anh',1,'2018-05-21 17:00:00',NULL,'','Thẻ sinh viên',1,'2018-05-22 14:26:05'),(35,'update','[\"deposit_name\"]',72,'[{\"id\":290,\"book_id\":636,\"book_name\":\"Triệu phú bất hạnh\",\"status\":1},{\"id\":291,\"book_id\":637,\"book_name\":\"Bỏ gánh lo đi để vui sống\",\"status\":1}]',14,'Phùng Tiến Anh',1,'2018-05-21 17:00:00',NULL,'','Giảng viên trường',6,'2018-05-22 14:26:19'),(36,'create','[\"status\",\"borrow_date\",\"note\",\"deposit_name\",\"borrow_book\"]',73,'[{\"id\":292,\"book_id\":625,\"book_name\":\"Tớ muốn ăn tụy của cậu\",\"status\":1}]',14,'Phùng Tiến Anh',1,'2018-05-07 17:00:00',NULL,'','Cộng tác viên',7,'2018-05-22 14:34:58'),(37,'update','[\"pay_date\"]',24,'[{\"id\":293,\"book_id\":605,\"book_name\":\"Tìm lại cái tôi đã mất\",\"status\":1},{\"id\":294,\"book_id\":173,\"book_name\":\"Thép đã tôi thế đấy\",\"status\":1}]',14,'Phùng Tiến Anh',1,'2018-04-23 17:00:00',NULL,'','Thành viên CLB',5,'2018-05-22 14:48:04'),(38,'update','[\"pay_date\"]',24,'[{\"id\":295,\"book_id\":605,\"book_name\":\"Tìm lại cái tôi đã mất\",\"status\":1},{\"id\":296,\"book_id\":173,\"book_name\":\"Thép đã tôi thế đấy\",\"status\":1}]',14,'Phùng Tiến Anh',1,'2018-04-23 17:00:00',NULL,'','Thành viên CLB',5,'2018-05-22 14:48:08'),(39,'update','[\"pay_date\"]',24,'[{\"id\":297,\"book_id\":605,\"book_name\":\"Tìm lại cái tôi đã mất\",\"status\":1},{\"id\":298,\"book_id\":173,\"book_name\":\"Thép đã tôi thế đấy\",\"status\":1}]',14,'Phùng Tiến Anh',1,'2018-04-23 17:00:00',NULL,'','Thành viên CLB',5,'2018-05-22 14:48:09'),(40,'update','[\"pay_date\"]',24,'[{\"id\":299,\"book_id\":605,\"book_name\":\"Tìm lại cái tôi đã mất\",\"status\":1},{\"id\":300,\"book_id\":173,\"book_name\":\"Thép đã tôi thế đấy\",\"status\":1}]',14,'Phùng Tiến Anh',1,'2018-04-23 17:00:00',NULL,'','Thành viên CLB',5,'2018-05-22 14:48:10'),(41,'update','[\"pay_date\"]',24,'[{\"id\":301,\"book_id\":605,\"book_name\":\"Tìm lại cái tôi đã mất\",\"status\":1},{\"id\":302,\"book_id\":173,\"book_name\":\"Thép đã tôi thế đấy\",\"status\":1}]',14,'Phùng Tiến Anh',1,'2018-04-23 17:00:00',NULL,'','Thành viên CLB',5,'2018-05-22 14:48:11'),(42,'update','[\"status\",\"pay_date\"]',50,'[{\"id\":303,\"book_id\":77,\"book_name\":\"Hoàng tử bé\",\"status\":0},{\"id\":304,\"book_id\":618,\"book_name\":\"Bay trên tổ chim cúc cu\",\"status\":0}]',14,'Phùng Tiến Anh',0,'2018-04-25 17:00:00','2018-05-07 17:00:00','','Thành viên CLB',5,'2018-05-22 14:49:33'),(43,'create','[\"status\",\"borrow_date\",\"note\",\"deposit_name\",\"borrow_book\"]',74,'[{\"id\":305,\"book_id\":638,\"book_name\":\"Số ít được lựa chọn\",\"status\":1}]',18,'Nguyễn Quỳnh Tú',1,'2018-05-24 17:00:00',NULL,'','Thành viên CLB',5,'2018-05-25 03:41:23');
/*!40000 ALTER TABLE `borrow_history` ENABLE KEYS */;
UNLOCK TABLES;

--
-- Table structure for table `department`
--

DROP TABLE IF EXISTS `department`;
/*!40101 SET @saved_cs_client     = @@character_set_client */;
/*!40101 SET character_set_client = utf8 */;
CREATE TABLE `department` (
  `id` int(11) NOT NULL AUTO_INCREMENT,
  `name` varchar(50) NOT NULL,
  `actived` tinyint(1) DEFAULT '1',
  PRIMARY KEY (`id`)
) ENGINE=InnoDB AUTO_INCREMENT=6 DEFAULT CHARSET=utf8;
/*!40101 SET character_set_client = @saved_cs_client */;

--
-- Dumping data for table `department`
--

LOCK TABLES `department` WRITE;
/*!40000 ALTER TABLE `department` DISABLE KEYS */;
INSERT INTO `department` VALUES (1,'Chưa phân ban',0),(2,'Văn hóa đọc',1),(3,'Tài chính nhân sự',1),(4,'Truyền thông - đối ngoại',1),(5,'Sự kiện',1);
/*!40000 ALTER TABLE `department` ENABLE KEYS */;
UNLOCK TABLES;

--
-- Table structure for table `deposit`
--

DROP TABLE IF EXISTS `deposit`;
/*!40101 SET @saved_cs_client     = @@character_set_client */;
/*!40101 SET character_set_client = utf8 */;
CREATE TABLE `deposit` (
  `id` int(11) NOT NULL AUTO_INCREMENT,
  `name` varchar(100) NOT NULL,
  `actived` tinyint(1) DEFAULT '1',
  PRIMARY KEY (`id`),
  KEY `name` (`name`)
) ENGINE=InnoDB AUTO_INCREMENT=8 DEFAULT CHARSET=utf8;
/*!40101 SET character_set_client = @saved_cs_client */;

--
-- Dumping data for table `deposit`
--

LOCK TABLES `deposit` WRITE;
/*!40000 ALTER TABLE `deposit` DISABLE KEYS */;
INSERT INTO `deposit` VALUES (1,'Thẻ sinh viên',1),(2,'Chứng minh thư',1),(3,'Bằng lái xe',1),(4,'Tiền mặt',1),(5,'Thành viên CLB',1),(6,'Giảng viên trường',1),(7,'Cộng tác viên',1);
/*!40000 ALTER TABLE `deposit` ENABLE KEYS */;
UNLOCK TABLES;

--
-- Table structure for table `facutly`
--

DROP TABLE IF EXISTS `facutly`;
/*!40101 SET @saved_cs_client     = @@character_set_client */;
/*!40101 SET character_set_client = utf8 */;
CREATE TABLE `facutly` (
  `id` int(11) NOT NULL AUTO_INCREMENT,
  `name` varchar(100) NOT NULL,
  `actived` tinyint(1) DEFAULT '1',
  PRIMARY KEY (`id`)
) ENGINE=InnoDB AUTO_INCREMENT=12 DEFAULT CHARSET=utf8;
/*!40101 SET character_set_client = @saved_cs_client */;

--
-- Dumping data for table `facutly`
--

LOCK TABLES `facutly` WRITE;
/*!40000 ALTER TABLE `facutly` DISABLE KEYS */;
INSERT INTO `facutly` VALUES (1,'Chưa phân khoa',1),(2,'Cơ điện',1),(3,'Công nghệ thông tin ',1),(4,'Dầu khí',1),(5,'Trắc địa',1),(6,'Kinh tế',1),(7,'Xây dựng ',1),(8,'Môi trường',1),(9,'Mỏ',1),(10,'Địa chất',1),(11,'Chương trình tiên tiến',1);
/*!40000 ALTER TABLE `facutly` ENABLE KEYS */;
UNLOCK TABLES;

--
-- Table structure for table `notification`
--

DROP TABLE IF EXISTS `notification`;
/*!40101 SET @saved_cs_client     = @@character_set_client */;
/*!40101 SET character_set_client = utf8 */;
CREATE TABLE `notification` (
  `id` int(11) NOT NULL AUTO_INCREMENT,
  `message` varchar(200) NOT NULL,
  `priority` enum('INFO','PRIMARY','WARNING','ERROR') NOT NULL,
  `role` tinyint(1) NOT NULL DEFAULT '1',
  `action` varchar(50) DEFAULT NULL,
  `click` varchar(50) DEFAULT NULL,
  `data_id` int(11) NOT NULL,
  `creator_id` int(11) DEFAULT NULL,
  `creator_name` varchar(50) DEFAULT NULL,
  `deleted` tinyint(1) DEFAULT '0',
  `created_at` timestamp NULL DEFAULT NULL,
  `updated_at` timestamp NULL DEFAULT NULL,
  PRIMARY KEY (`id`)
) ENGINE=InnoDB AUTO_INCREMENT=27 DEFAULT CHARSET=utf8;
/*!40101 SET character_set_client = @saved_cs_client */;

--
-- Dumping data for table `notification`
--

LOCK TABLES `notification` WRITE;
/*!40000 ALTER TABLE `notification` DISABLE KEYS */;
INSERT INTO `notification` VALUES (1,'Thành viên Trần Đăng Phong vừa đăng ký tài khoản','WARNING',3,'click','admin',2,NULL,NULL,0,'2018-04-15 10:26:38','2018-04-15 10:26:38'),(2,'Thành viên Đỗ Tiến Thịnh vừa đăng ký tài khoản','WARNING',3,'click','admin',3,NULL,NULL,0,'2018-04-19 14:19:00','2018-04-19 14:19:00'),(3,'Thành viên Phạm Bảo Tú vừa đăng ký tài khoản','WARNING',3,'click','admin',4,NULL,NULL,0,'2018-04-20 17:39:30','2018-04-20 17:39:30'),(4,'Thành viên Nguyễn Đức Duyệt vừa đăng ký tài khoản','WARNING',3,'click','admin',5,NULL,NULL,0,'2018-04-21 15:00:24','2018-04-21 15:00:24'),(5,'Thành viên Lại Thị Diễm Phúc vừa đăng ký tài khoản','WARNING',3,'click','admin',6,NULL,NULL,0,'2018-04-21 15:02:00','2018-04-21 15:02:00'),(6,'Thành viên Hồ Văn Lộc vừa đăng ký tài khoản','WARNING',3,'click','admin',7,NULL,NULL,0,'2018-04-21 15:05:55','2018-04-21 15:05:55'),(7,'Thành viên Trương Thúy Giang vừa đăng ký tài khoản','WARNING',3,'click','admin',8,NULL,NULL,0,'2018-04-21 15:26:09','2018-04-21 15:26:09'),(8,'Thành viên nguyễn văn hiếu vừa đăng ký tài khoản','WARNING',3,'click','admin',9,NULL,NULL,0,'2018-04-21 15:44:05','2018-04-21 15:44:05'),(9,'Thành viên Lê Đình Anh vừa đăng ký tài khoản','WARNING',3,'click','admin',10,NULL,NULL,0,'2018-04-21 15:52:34','2018-04-21 15:52:34'),(10,'Thành viên Phạm Thị Nhung vừa đăng ký tài khoản','WARNING',3,'click','admin',11,NULL,NULL,0,'2018-04-21 16:26:41','2018-04-21 16:26:41'),(11,'Thành viên NGÔ THỊ DUYÊN vừa đăng ký tài khoản','WARNING',3,'click','admin',12,NULL,NULL,0,'2018-04-21 16:57:12','2018-04-21 16:57:12'),(12,'Thành viên Hoàng Thị Quỳnh Trang vừa đăng ký tài khoản','WARNING',3,'click','admin',13,NULL,NULL,0,'2018-04-22 08:03:14','2018-04-22 08:03:14'),(13,'Thành viên Phùng Tiến Anh vừa đăng ký tài khoản','WARNING',3,'click','admin',14,NULL,NULL,0,'2018-04-24 03:22:55','2018-04-24 03:22:55'),(14,'Thành viên Nguyễn Hoàng Dương vừa đăng ký tài khoản','WARNING',3,'click','admin',15,NULL,NULL,0,'2018-04-24 04:39:30','2018-04-24 04:39:30'),(15,'Thành viên Nguyễn Thị uyên vừa đăng ký tài khoản','WARNING',3,'click','admin',16,NULL,NULL,0,'2018-04-24 08:27:29','2018-04-24 08:27:29'),(16,'Thành viên hoàng Thị Ngọc Ánh vừa đăng ký tài khoản','WARNING',3,'click','admin',17,NULL,NULL,0,'2018-04-24 08:28:29','2018-04-24 08:28:29'),(17,'Thành viên Nguyễn Quỳnh Tú vừa đăng ký tài khoản','WARNING',3,'click','admin',18,NULL,NULL,0,'2018-04-25 02:36:41','2018-04-25 02:36:41'),(18,'Thành viên Trần Thị Thu Hương vừa đăng ký tài khoản','WARNING',3,'click','admin',19,NULL,NULL,0,'2018-05-03 16:36:00','2018-05-03 16:36:00'),(19,'Thành viên Nguyễn Thị Trang vừa đăng ký tài khoản','WARNING',3,'click','admin',20,NULL,NULL,0,'2018-05-08 06:53:24','2018-05-08 06:53:24'),(20,'Thành viên LÊ VĂN DƯƠNG vừa đăng ký tài khoản','WARNING',3,'click','admin',21,NULL,NULL,0,'2018-05-22 15:00:22','2018-05-22 15:00:22'),(21,'Thành viên Trần Văn Hiệp vừa đăng ký tài khoản','WARNING',3,'click','admin',22,NULL,NULL,0,'2018-05-22 16:43:08','2018-05-22 16:43:08'),(22,'Thành viên Phạm Duy Tùng vừa đăng ký tài khoản','WARNING',3,'click','admin',23,NULL,NULL,0,'2018-05-25 02:08:25','2018-05-25 02:08:25'),(23,'Thành viên nguyễn La Hằng vừa đăng ký tài khoản','WARNING',3,'click','admin',24,NULL,NULL,0,'2018-06-05 11:32:30','2018-06-05 11:32:30'),(24,'Thành viên Hồ Văn Lộc vừa đăng ký tài khoản','WARNING',3,'click','admin',25,NULL,NULL,0,'2018-08-16 12:56:57','2018-08-16 12:56:57'),(25,'Thành viên Hoàng Thị Ngọc Ánh vừa đăng ký tài khoản','WARNING',3,'click','admin',26,NULL,NULL,0,'2018-08-16 13:16:41','2018-08-16 13:16:41'),(26,'Thành viên Trần Thị Hoàng Yến vừa đăng ký tài khoản','WARNING',3,'click','admin',27,NULL,NULL,0,'2018-08-16 14:40:19','2018-08-16 14:40:19');
/*!40000 ALTER TABLE `notification` ENABLE KEYS */;
UNLOCK TABLES;

--
-- Table structure for table `position`
--

DROP TABLE IF EXISTS `position`;
/*!40101 SET @saved_cs_client     = @@character_set_client */;
/*!40101 SET character_set_client = utf8 */;
CREATE TABLE `position` (
  `id` int(11) NOT NULL AUTO_INCREMENT,
  `name` varchar(50) NOT NULL,
  `actived` tinyint(1) DEFAULT '1',
  PRIMARY KEY (`id`)
) ENGINE=InnoDB AUTO_INCREMENT=7 DEFAULT CHARSET=utf8;
/*!40101 SET character_set_client = @saved_cs_client */;

--
-- Dumping data for table `position`
--

LOCK TABLES `position` WRITE;
/*!40000 ALTER TABLE `position` DISABLE KEYS */;
INSERT INTO `position` VALUES (1,'Chưa có chức vụ',0),(2,'Chủ nhiệm',1),(3,'Phó chủ nhiệm',1),(4,'Trưởng ban',1),(5,'Thành viên',1),(6,'Cộng tác viên',1);
/*!40000 ALTER TABLE `position` ENABLE KEYS */;
UNLOCK TABLES;

--
-- Table structure for table `public_user`
--

DROP TABLE IF EXISTS `public_user`;
/*!40101 SET @saved_cs_client     = @@character_set_client */;
/*!40101 SET character_set_client = utf8 */;
CREATE TABLE `public_user` (
  `id` int(11) NOT NULL AUTO_INCREMENT,
  `actived` tinyint(4) NOT NULL DEFAULT '1',
  `deleted` tinyint(4) DEFAULT '0',
  `name` varchar(50) NOT NULL,
  `fb_id` varchar(50) NOT NULL,
  `created_at` timestamp NULL DEFAULT NULL,
  `updated_at` timestamp NULL DEFAULT NULL,
  PRIMARY KEY (`id`)
) ENGINE=InnoDB AUTO_INCREMENT=16 DEFAULT CHARSET=utf8;
/*!40101 SET character_set_client = @saved_cs_client */;

--
-- Dumping data for table `public_user`
--

LOCK TABLES `public_user` WRITE;
/*!40000 ALTER TABLE `public_user` DISABLE KEYS */;
INSERT INTO `public_user` VALUES (1,1,0,'Phạm Bảo Tú','582277402111614','2018-04-21 13:35:22','2018-04-21 13:35:22'),(2,1,0,'Hồ Văn Lộc','812108865666630','2018-04-21 15:03:28','2018-04-21 15:03:28'),(3,1,0,'Anh Đình Lê','911370645709556','2018-04-21 15:49:13','2018-04-21 15:49:13'),(4,1,0,'Lương Thế Mỹ','1218280441639815','2018-04-21 16:33:56','2018-04-21 16:33:56'),(5,1,0,'Mặc Di','431009014011761','2018-04-21 17:02:25','2018-04-21 17:02:25'),(6,1,0,'Dương Tedomotoji','432384327202005','2018-04-22 04:29:55','2018-04-22 04:29:55'),(7,1,0,'Thất Tông Tội','2068363016761037','2018-04-23 02:50:49','2018-04-23 02:50:49'),(8,1,0,'Duy Tùngg','941180522715021','2018-04-25 04:43:14','2018-04-25 04:43:14'),(9,1,0,'Tạ Ngọc Thuấn','2141203472768352','2018-04-25 06:30:11','2018-04-25 06:30:11'),(10,1,0,'Nguyễn La Hằng','2027982380850460','2018-06-05 11:40:24','2018-06-05 11:40:24'),(11,1,0,'Bùi Mạnh Cường','829067350627967','2018-06-07 08:58:57','2018-06-07 08:58:57'),(12,1,0,'Lê Xuân Trường','402180180259722','2018-06-07 11:53:57','2018-06-07 11:53:57'),(13,1,0,'Đàm Văn Tính','1842854539110703','2018-06-14 09:01:45','2018-06-14 09:01:45'),(14,1,0,'Huy','10209049854643471','2018-06-15 03:25:40','2018-06-15 03:25:40'),(15,1,0,'Diễm Phúc Lại Thị','2122740281277726','2018-08-16 14:48:47','2018-08-16 14:48:47');
/*!40000 ALTER TABLE `public_user` ENABLE KEYS */;
UNLOCK TABLES;

--
-- Table structure for table `reader`
--

DROP TABLE IF EXISTS `reader`;
/*!40101 SET @saved_cs_client     = @@character_set_client */;
/*!40101 SET character_set_client = utf8 */;
CREATE TABLE `reader` (
  `id` int(11) NOT NULL AUTO_INCREMENT,
  `mobile` varchar(11) NOT NULL,
  `name` varchar(50) NOT NULL,
  `facutly_id` int(11) DEFAULT '1',
  `is_user` int(11) DEFAULT NULL,
  `borrow_time` int(11) DEFAULT '0',
  `course` int(11) DEFAULT '0',
  `gender` int(1) DEFAULT '0',
  `actived` int(1) DEFAULT '1',
  `note` varchar(10000) DEFAULT NULL,
  `created_at` timestamp NULL DEFAULT NULL,
  `updated_at` timestamp NULL DEFAULT NULL,
  `deleted` tinyint(4) DEFAULT '0',
  PRIMARY KEY (`id`),
  KEY `reader_ibfk_1` (`facutly_id`),
  KEY `reader_ibfk_2` (`is_user`),
  CONSTRAINT `reader_ibfk_1` FOREIGN KEY (`facutly_id`) REFERENCES `facutly` (`id`) ON DELETE CASCADE ON UPDATE CASCADE
) ENGINE=InnoDB AUTO_INCREMENT=65 DEFAULT CHARSET=utf8;
/*!40101 SET character_set_client = @saved_cs_client */;

--
-- Dumping data for table `reader`
--

LOCK TABLES `reader` WRITE;
/*!40000 ALTER TABLE `reader` DISABLE KEYS */;
INSERT INTO `reader` VALUES (1,'01677861343','Đỗ Tiến Thịnh',5,3,0,58,1,1,'','2018-04-19 14:31:49','2018-04-24 06:10:30',0),(2,'0912555555','ta',2,0,0,60,1,1,'','2018-04-19 15:08:22','2018-04-22 00:46:11',1),(3,'01634254440','Phạm Bảo Tú',3,4,0,58,1,1,'','2018-04-20 17:39:54','2018-09-22 04:34:17',0),(4,'01636662271','Trần Đăng Phong',9,2,3,60,1,1,'Đẹp Trai','2018-04-20 17:45:13','2018-04-27 06:05:19',0),(5,'01639501564','Nguyễn Đức Duyệt',1,5,1,0,0,1,'','2018-04-21 15:02:43','2018-04-24 03:48:03',0),(6,'01693774356','Lại Thị Diễm Phúc',8,6,0,62,2,1,'Admin #LB','2018-04-21 15:03:17','2018-11-08 01:52:08',0),(7,'0971355665','Hồ Văn Lộc',7,7,1,61,1,1,'','2018-04-21 15:09:12','2018-08-20 14:22:01',0),(8,'0967235214','Trương Thúy Giang',3,8,3,62,2,1,'','2018-04-21 15:29:32','2018-04-26 13:49:46',0),(9,'01645062804','Nguyễn Văn Hiếu',3,9,2,62,1,1,'','2018-04-21 15:46:11','2018-05-18 01:41:00',0),(10,'01688818754','Lê Đình Anh',1,10,2,0,0,1,'','2018-04-21 15:53:29','2018-04-26 14:12:11',0),(11,'0982176860','Phạm Thị Nhung',6,11,1,61,2,1,'','2018-04-21 16:27:19','2018-04-24 04:21:52',0),(12,'01699179015','NGÔ THỊ DUYÊN',4,12,2,61,2,1,'','2018-04-21 17:05:22','2018-05-16 03:33:52',0),(13,'01646045207','Hoàng Thị Quỳnh Trang',11,13,2,6,2,1,'','2018-04-22 09:31:28','2018-04-26 13:20:47',0),(14,'01676594861','Phùng Tiến Anh',8,14,0,61,1,1,'','2018-04-24 03:23:42','2018-08-17 05:06:30',0),(15,'0989361847','Nguyễn Thành Luân',4,0,1,60,1,1,'','2018-04-24 03:32:35','2018-04-24 03:32:36',0),(16,'01626334023','Vũ Thị Tuyết',6,0,1,62,2,1,'','2018-04-24 03:51:49','2018-04-30 07:46:48',0),(17,'0967332223','Nguyễn Văn Dũng',9,0,1,59,1,1,'','2018-04-24 04:00:36','2018-04-30 07:47:00',0),(18,'01639296565','Bùi Thị Thu Phương',6,0,1,61,2,1,'','2018-04-24 04:05:51','2018-04-30 07:47:10',0),(19,'01638377900','Nguyễn Thanh Hải',5,0,1,60,1,1,'','2018-04-24 04:14:39','2018-04-26 12:36:37',0),(20,'0985358615','Phùng Quốc Trung',3,0,3,62,1,1,'','2018-04-24 04:24:07','2018-04-26 14:14:23',0),(21,'0969306266','Mai Phương',8,0,2,59,2,1,'','2018-04-24 04:25:55','2018-05-22 13:56:56',0),(22,'0989654655','Cô Hà',9,0,1,62,2,1,'','2018-04-24 04:35:28','2018-04-26 09:16:16',0),(23,'01647550598','Nguyễn Hoàng Dương',9,15,2,0,1,1,'','2018-04-24 04:40:20','2018-04-26 10:35:32',0),(24,'01673382234','Nguyễn Thị Trang',6,20,0,60,0,1,'','2018-04-24 08:30:47','2018-09-27 13:58:06',0),(25,'01656342013','Đoàn Thị Huyền',2,0,3,61,2,1,'','2018-04-24 08:32:58','2018-05-22 14:34:58',0),(26,'0971035024','Đặng Thị Ngọc Thúy',1,0,1,62,2,1,'','2018-04-24 08:43:08','2018-04-30 07:48:11',0),(27,'0962632113','Nguyễn Thị Ngọc Anh',8,0,1,61,2,1,'','2018-04-24 08:47:40','2018-04-26 12:06:20',0),(28,'0962787954','Nhữ Xuân Sơn',7,0,1,61,1,1,'','2018-04-24 08:54:17','2018-04-30 07:48:23',0),(29,'01636348811','Hoàng Thị Ngọc Ánh',8,17,2,61,2,1,'','2018-04-24 10:03:42','2018-05-22 15:22:08',0),(30,'01686324096','Nguyễn Thị Uyên',1,16,0,0,2,1,'','2018-04-24 10:04:01','2018-04-30 07:48:44',0),(31,'01663932781','Đỗ Thành Đạt',3,0,2,61,1,1,'','2018-04-24 14:18:52','2018-04-26 14:01:31',0),(32,'01637635999','Nguyễn Thị Quỳnh Anh',6,0,2,61,2,1,'','2018-04-24 14:25:58','2018-04-24 15:18:59',0),(33,'01673624726','Nguyễn Thị Thanh Hà',4,0,1,61,2,1,'','2018-04-24 14:40:51','2018-04-26 12:36:56',0),(34,'0977062812','Nguyễn Thu Thảo',10,0,1,58,2,1,'','2018-04-24 14:50:45','2018-04-30 07:49:09',0),(35,'0946200612','Vũ Thị Thu',4,0,1,60,2,1,'','2018-04-24 15:03:13','2018-04-30 07:49:00',0),(36,'0974233522','Nguyễn Văn Bắc',3,0,1,61,1,1,'','2018-04-24 15:15:57','2018-04-24 15:15:57',0),(37,'0967805859','Lê Văn Tri',3,0,1,62,1,1,'','2018-04-24 15:21:07','2018-04-24 15:21:07',0),(38,'0975089245','Nguyễn Phương Thảo',2,0,1,62,2,1,'','2018-04-24 15:24:40','2018-04-24 15:24:40',0),(39,'0961996894','Đặng Thị Hoàn',4,0,1,60,2,1,'','2018-04-24 15:33:57','2018-04-24 15:33:57',0),(40,'0986804505','Nguyễn Quỳnh Tú',3,18,0,62,2,1,'','2018-04-25 17:21:56','2018-05-25 02:10:57',0),(41,'01652345431','Phạm Thị Thảo Huyền',1,0,2,62,2,1,'','2018-04-26 10:10:35','2018-04-26 14:22:23',0),(42,'0961142622','Bùi Quang Trung',2,0,1,61,1,1,'','2018-04-26 10:18:01','2018-04-26 10:18:01',0),(43,'01675577021','Nguyễn Đình Đức',10,0,1,61,1,1,'','2018-04-26 10:23:06','2018-04-26 10:23:06',0),(44,'01667951267','Hà Thị Huệ',9,0,1,62,2,1,'','2018-04-26 10:26:28','2018-04-30 07:50:20',0),(45,'01293737595','Nguyễn Thị Hạnh',3,0,1,58,2,1,'','2018-04-26 13:46:25','2018-04-30 07:49:59',0),(46,'0988998245','Nguyễn Thị Thủ',6,0,1,61,2,1,'','2018-04-26 14:06:12','2018-04-26 14:06:12',0),(47,'01675975567','Nguyễn Đức Đường',7,0,2,58,1,1,'','2018-04-26 14:08:34','2018-04-30 07:50:11',0),(48,'01676324726','Nguyễn Thị Thanh Hà',4,0,1,61,2,1,'','2018-04-26 14:33:58','2018-04-26 14:33:58',0),(49,'01677715047','Đồng Văn Tuấn',4,0,1,59,1,1,'','2018-04-27 06:03:32','2018-04-27 06:03:32',0),(50,'01676594865','HẤMK',8,0,0,61,0,1,'','2018-04-27 06:08:00','2018-04-30 07:50:31',1),(51,'01653489922','Trần Thị Thu Hương',6,19,0,61,2,1,'','2018-05-03 16:37:26','2018-05-22 16:36:30',0),(52,'01627578582','Đặng Thị Duyên',5,0,1,60,2,1,'','2018-05-08 02:09:34','2018-05-08 02:09:34',0),(53,'04023423424','smklfhfnsk',2,0,0,0,1,1,'','2018-05-18 01:09:21','2018-05-18 01:11:45',0),(54,'01677842530','Voong Duy Quang',4,0,1,59,1,1,'','2018-05-18 01:14:56','2018-05-18 01:14:56',0),(55,'0944262896','Lưu Thị Thu Hà',1,0,1,0,2,1,'','2018-05-22 14:10:16','2018-05-22 14:10:16',0),(56,'0983948971','Bùi Thị Ngân',4,0,1,0,2,1,'','2018-05-22 14:26:04','2018-05-22 14:26:05',0),(57,'0978563424','LÊ VĂN DƯƠNG',4,21,0,62,1,1,'','2018-05-22 15:02:46','2018-05-22 15:05:26',0),(58,'01644849988','Trần Văn Hiệp',1,22,0,0,0,1,'','2018-05-22 16:43:37','2018-05-22 16:43:37',0),(59,'0936088427','Phạm Trường Giang',11,0,1,5,1,1,'','2018-05-25 03:41:23','2018-05-25 03:41:23',0),(60,'0979464344','Phạm Duy Tùng',1,23,0,0,0,1,'','2018-05-29 02:55:39','2018-05-29 02:55:39',0),(61,'0968887835','nguyễn La Hằng',1,24,0,0,0,1,'','2018-06-05 11:34:56','2018-06-05 11:34:56',0),(62,'0969224615','Hồ Văn Lộc',7,25,0,61,1,1,'','2018-08-16 13:13:50','2018-08-16 13:19:13',0),(63,'01653456267','Hoàng Thị Ngọc Ánh',1,26,0,0,0,1,'','2018-08-16 13:23:03','2018-08-17 07:07:26',1),(64,'0971887945','Trần Thị Hoàng Yến',6,27,0,61,2,1,'','2018-08-16 15:21:27','2018-08-17 15:14:00',0);
/*!40000 ALTER TABLE `reader` ENABLE KEYS */;
UNLOCK TABLES;

--
-- Table structure for table `user`
--

DROP TABLE IF EXISTS `user`;
/*!40101 SET @saved_cs_client     = @@character_set_client */;
/*!40101 SET character_set_client = utf8 */;
CREATE TABLE `user` (
  `id` int(11) NOT NULL AUTO_INCREMENT,
  `account` varchar(50) NOT NULL,
  `mobile` varchar(11) NOT NULL,
  `password` varchar(200) NOT NULL,
  `name` varchar(50) NOT NULL,
  `role` tinyint(1) NOT NULL DEFAULT '0',
  `position_id` int(11) DEFAULT '1',
  `department_id` int(11) DEFAULT '1',
  `nick_name` varchar(50) DEFAULT NULL,
  `facutly_id` int(11) DEFAULT '1',
  `course` int(11) DEFAULT '0',
  `image` varchar(200) DEFAULT NULL,
  `status` varchar(200) DEFAULT NULL,
  `gender` tinyint(1) DEFAULT '0',
  `dob_date` int(2) DEFAULT '1',
  `dob_month` int(2) DEFAULT '1',
  `dob_year` int(4) DEFAULT '2000',
  `actived` tinyint(1) DEFAULT '1',
  `deleted` tinyint(1) DEFAULT '0',
  `last_seen_noti_id` int(11) DEFAULT '0',
  `note` varchar(10000) NOT NULL,
  `created_at` timestamp NULL DEFAULT NULL,
  `updated_at` timestamp NULL DEFAULT NULL,
  PRIMARY KEY (`id`),
  KEY `user_ibfk_1` (`facutly_id`),
  KEY `user_ibfk_2` (`department_id`),
  KEY `user_ibfk_3` (`position_id`),
  CONSTRAINT `user_ibfk_1` FOREIGN KEY (`facutly_id`) REFERENCES `facutly` (`id`) ON DELETE CASCADE ON UPDATE CASCADE,
  CONSTRAINT `user_ibfk_2` FOREIGN KEY (`department_id`) REFERENCES `department` (`id`) ON DELETE CASCADE ON UPDATE CASCADE,
  CONSTRAINT `user_ibfk_3` FOREIGN KEY (`position_id`) REFERENCES `position` (`id`) ON DELETE CASCADE ON UPDATE CASCADE
) ENGINE=InnoDB AUTO_INCREMENT=28 DEFAULT CHARSET=utf8;
/*!40101 SET character_set_client = @saved_cs_client */;

--
-- Dumping data for table `user`
--

LOCK TABLES `user` WRITE;
/*!40000 ALTER TABLE `user` DISABLE KEYS */;
INSERT INTO `user` VALUES (1,'admins','99999999999','$2a$15$qB37wP12HcBj.MZmb1mowuzqgZsBifP1XHWqUHxVpUIas2FTXQ0YS','Admin',3,2,1,'',1,0,'uploads/user/user_1_1531302565272.jpg','',0,1,1,2000,1,0,26,'','2018-03-20 12:50:22','2018-08-16 15:21:19'),(2,'phongkfc','01636662271','$2a$15$6FDEIv.mubrFZdIXWAnBXOh31rOjsT3vEQvDxzH.zs2Re8HBRMhLy','Trần Đăng Phong',2,2,1,'phongkfc',9,60,'','',1,7,11,1997,1,0,0,'Đẹp trai','2018-04-15 10:26:38','2018-04-24 17:34:16'),(3,'thinhsabo','01677861343','$2a$15$KBXpDyz0jYQQFi8ee/dmCek.BAHLeTD7v7g0qQXpiuZthNubVprwW','Đỗ Tiến Thịnh',2,2,1,'sabo',5,58,'uploads/user/user_3_1524148462440.jpg','Đẹp trai',1,27,6,1995,1,0,2,'Đẹp trai','2018-04-19 14:19:00','2018-04-24 06:10:30'),(4,'tupham','01634254440','$2a$15$LnrBY7pZ9YGtWb4sc9DWxeMdFe0eyx5./EINU7rhIB3bD5mQqMrOi','Phạm Bảo Tú',3,2,1,'Tu szx',3,58,'uploads/user/user_4_1524324731614.jpg','Hôm nay tôi rất vui',1,17,7,1995,1,0,26,'Xin chào thế giới!','2018-04-20 17:39:30','2018-09-22 04:34:17'),(5,'nguyencat','01639501564','$2a$15$g2Dv4qsdDpGV1GtAfxH35.BShFJpMFx/WJc463KC8iNCxfa7TRDve','Nguyễn Đức Duyệt',2,1,1,'',1,0,'','',0,1,1,2000,1,0,0,'','2018-04-21 15:00:24','2018-04-21 15:02:43'),(6,'diemphuclaithi','01693774356','$2a$15$8YqToEVCyCmttuzmVHOZQ.4Xy66SLdwBrumjtUESNpcEfmyPEs1Ey','Lại Thị Diễm Phúc',3,1,1,'BếU',8,62,'uploads/user/user_6_1524323772081.jpg','',2,25,3,1999,1,0,26,'','2018-04-21 15:02:00','2018-11-08 01:52:08'),(7,'dongsongbang2106','0971355665','$2a$15$JhLcafVu/03xQlXFwIiU7OfFR/aDac88rHRKXs1mcE0DZ.26/TGjy','Hồ Văn Lộc',3,1,1,'Hồ Văn Lộc',7,61,'','',1,5,2,1997,1,0,26,'Thanh xuân thật tuyệt với clb','2018-04-21 15:05:55','2018-08-20 14:22:01'),(8,'truongthuygiang','0967235214','$2a$15$Dk07DW7mQEiGiZAuODmZSOMfhbr1wuOOqybqX0Rvjc2u7LRKYlP3e','Trương Thúy Giang',2,1,1,'',3,62,'uploads/user/user_8_1524324674820.jpg','',2,25,3,1999,1,0,0,'','2018-04-21 15:26:09','2018-04-21 15:31:59'),(9,'nguyễnvănhiếu','01645062804','$2a$15$KHDe6AV7sIgKHjMawik2.e4GuoM5q3ZmV2vw0EVbynmw8/v0J2IXW','nguyễn văn hiếu',2,1,1,'hiếu vitas',3,62,'','tuyệt vời ông mặt trời, cảm ơn người đã tạo ra wed',1,17,3,1999,1,0,0,'chơi game, nghe nhạc, hát hò, thỉnh thoảng có hứng thì đọc sách','2018-04-21 15:44:05','2018-04-21 15:48:42'),(10,'ledinhanh','01688818754','$2a$15$sK07KMZ93dDNan7jtwp6pO2crVyRFaQXtbviADTp6VyuwItiXdH2a','Lê Đình Anh',2,1,1,'',1,0,'','',0,1,1,2000,1,0,0,'','2018-04-21 15:52:34','2018-04-21 15:53:29'),(11,'nnhungxinhgai','0982176860','$2a$15$cYQHAIxJ7ftASi6vaVWVgu6m4100/NsJYztwryIGKrB4NFUn1PVG.','Phạm Thị Nhung',2,1,1,'',6,61,'','I alway beautiful in my eyes',2,1,1,2000,1,0,0,'','2018-04-21 16:26:41','2018-04-21 16:29:43'),(12,'ngoduyen198','01699179015','$2a$15$zLw17hH.QWPOoI9MQQMvke.OH5JASZ1NSVQvLbvBjn9N3Ic3rMN1q','NGÔ THỊ DUYÊN',2,1,1,'Mặc Di',4,61,'uploads/user/user_12_1524330949761.jpg','',2,23,11,1998,1,0,0,'','2018-04-21 16:57:12','2018-04-21 17:17:35'),(13,'trangshuu-i-chi','01646045207','$2a$15$zvQhExWye.ac2fDHHVcHf.vGAHubYhDOw2L9ErKVbUyIsmjuv3k.C','Hoàng Thị Quỳnh Trang',2,1,1,'Shuu',11,6,'','',2,31,3,1997,1,0,0,'','2018-04-22 08:03:14','2018-04-26 13:20:47'),(14,'tienanh011998','01676594861','$2a$15$CMYSYSxXpjK6NbwMj6WFSeQ3L/DOYx4z4iA2474BIhJyo/JvN06HW','Phùng Tiến Anh',3,1,1,'Tội',8,61,'uploads/user/user_14_1524592082633.jpg','',1,16,1,1998,1,0,26,'Gia đình có 4 thành viên','2018-04-24 03:22:55','2018-08-17 05:06:30'),(15,'duonghoang0598','01647550598','$2a$15$61NUpwmNgCU9.apt.wQMfOAfkFLWsnx3sPqe2YfdZMnNXUVAcQ/Zi','Nguyễn Hoàng Dương',2,1,1,'Nguyễn Hải Đông',9,0,'','',1,18,5,1998,1,0,0,'Đẹp trai','2018-04-24 04:39:30','2018-04-24 04:42:08'),(16,'uyênsiêuxinh','01686324096','$2a$15$9bSdedETawNXXxMlEtcgL.72PqnmmJPXtuMPCVHslsR2Ez8cOJbGS','Nguyễn Thị uyên',2,1,1,'',1,0,'','',0,1,1,2000,1,0,0,'','2018-04-24 08:27:28','2018-04-24 10:51:36'),(17,'anhtit','01636348811','$2a$15$IAxJszCXWzbDw1SLmwofjO/jdh61XiZmuPBD1oRLuL4c1QJL2vGmq','Hoàng Thị Ngọc Ánh',2,1,1,'Hoàng Thị Ngọc Ánh',8,61,'uploads/user/user_17_1527002052406.jpg','',2,27,11,1998,1,0,0,'','2018-04-24 08:28:29','2018-05-22 15:22:08'),(18,'quynhtu','0986804505','$2a$15$d1nEMMcQe0ekh3ilaYXLeeYuKUKOJbbPltS0IXUABY3B9sWy7XxGi','Nguyễn Quỳnh Tú',2,1,1,'',3,62,'','',2,11,1,1999,1,0,0,'','2018-04-25 02:36:41','2018-05-25 02:10:57'),(19,'thuhuong','01653489922','$2a$15$5L6n1X.QZWSdThapOTln9uqDv9qanxc/8cdumpvPUIbVJKEdduMQ.','Trần Thị Thu Hương',2,1,1,'Thu Hương',6,61,'uploads/user/user_19_1527006943610.jpg','',2,10,3,1998,1,0,0,'T là một người khá ít nói, nên cần ai đó làm chất xúc tác để t nói nhiều hơn.t cũng là một người giỏi lắng nghe người khác, khá là bình tĩnh, có sức chịu đựng cao và không dễ gục ngã. đặc biệt rất mê Conan và thích đọc truyện Nguyễn Nhật Ánh. hay hoài niệm về thời học sinh, tâm hồn cũng rất bay bổng','2018-05-03 16:36:00','2018-05-22 16:36:30'),(20,'trangmieuu','01673382234','$2a$15$NryA/S9p8ptBUjsHYbvbc.nbLp6U.EUqSx.QD0xjf/ibncb1iRbou','Nguyễn Thị Trang',2,1,1,'Miêuu',6,60,'uploads/user/user_20_1534860880658.jpg','',0,17,10,1997,1,0,0,'','2018-05-08 06:53:23','2018-09-27 13:58:06'),(21,'duongpika','0978563424','$2a$15$UJusw4nS23yRYrkNW.7ynOAXHtILkRYNPdJAXEhePhdLvcaDPJ/f6','LÊ VĂN DƯƠNG',2,1,1,'Dương Dương',4,62,'uploads/user/user_21_1527001519341.jpg','',1,25,3,1999,1,0,0,'','2018-05-22 15:00:22','2018-05-22 15:05:26'),(22,'vanhiep98','01644849988','$2a$15$BNVV0Lg5MRbMxng8Qd8OKubZeoJZE7kqF9nGR6IkGe34uqz7Q8Cd.','Trần Văn Hiệp',2,1,1,'',1,0,'','',0,1,1,2000,1,0,0,'','2018-05-22 16:43:08','2018-05-22 16:43:37'),(23,'phamduytung','0979464344','$2a$15$SlsuEgEYoa0Jv7rcE38QMOxtGBENEyuXKWLcMeBdG/9ARpLzEu5e6','Phạm Duy Tùng',2,1,1,'',1,0,'','',0,1,1,2000,1,0,0,'','2018-05-25 02:08:25','2018-05-29 02:55:39'),(24,'lahang','0968887835','$2a$15$GbrQ2RrW8N5Hm5Cei55xAOIJdgN0fKHggPBOS7z04Q4PMTWWdhgpW','nguyễn La Hằng',1,1,1,'',1,0,'','',0,1,1,2000,1,0,0,'','2018-06-05 11:32:30','2018-06-05 11:34:56'),(25,'hovanloc2106','0969224615','$2a$15$o9iOynTS1n10uluUnKJ4iOG0Dcyv1I.BZpGrZgXTDomxZMoJfC512','Hồ Văn Lộc',3,1,1,'hovanloc',7,61,'','',1,5,2,1997,1,0,25,'Tất cả','2018-08-16 12:56:57','2018-08-16 13:19:13'),(26,'hoàngánh','01653456267','$2a$15$XP0WeKCK1HaeXKvMoGtF8.7WjCzd1crWvuh96.4K6cCBhlqoUf7uG','Hoàng Thị Ngọc Ánh',2,1,1,'',1,0,'','',0,1,1,2000,1,0,0,'','2018-08-16 13:16:41','2018-08-16 13:23:03'),(27,'tranyen','0971887945','$2a$15$kyZ4bZpLSYAqs8b9ruwGiu/YVqEDFRWqhB.1I/XZQYxK7F1bKcmTK','Trần Thị Hoàng Yến',2,1,1,'',6,61,'','',2,26,12,1997,1,0,0,'','2018-08-16 14:40:19','2018-08-17 15:14:00');
/*!40000 ALTER TABLE `user` ENABLE KEYS */;
UNLOCK TABLES;
/*!40103 SET TIME_ZONE=@OLD_TIME_ZONE */;

/*!40101 SET SQL_MODE=@OLD_SQL_MODE */;
/*!40014 SET FOREIGN_KEY_CHECKS=@OLD_FOREIGN_KEY_CHECKS */;
/*!40014 SET UNIQUE_CHECKS=@OLD_UNIQUE_CHECKS */;
/*!40101 SET CHARACTER_SET_CLIENT=@OLD_CHARACTER_SET_CLIENT */;
/*!40101 SET CHARACTER_SET_RESULTS=@OLD_CHARACTER_SET_RESULTS */;
/*!40101 SET COLLATION_CONNECTION=@OLD_COLLATION_CONNECTION */;
/*!40111 SET SQL_NOTES=@OLD_SQL_NOTES */;

-- Dump completed on 2019-02-09  5:44:43
